,OBJECTID,ACCIDENT_NO,ABS_CODE,ACCIDENT_STATUS,ACCIDENT_DATE,ACCIDENT_TIME,ALCOHOLTIME,ACCIDENT_TYPE,DAY_OF_WEEK,DCA_CODE,HIT_RUN_FLAG,LIGHT_CONDITION,POLICE_ATTEND,ROAD_GEOMETRY,SEVERITY,SPEED_ZONE,RUN_OFFROAD,LONGITUDE,LATITUDE,LGA_NAME,REGION_NAME,TOTAL_PERSONS,FATALITY,SERIOUSINJURY,OTHERINJURY,NONINJURED,MALES,FEMALES,BICYCLIST,PASSENGER,DRIVER,PEDESTRIAN,PILLION,MOTORIST,UNKNOWN,PED_CYCLIST_5_12,PED_CYCLIST_13_18,OLD_PEDESTRIAN,OLD_DRIVER,YOUNG_DRIVER,ALCOHOL_RELATED,UNLICENCSED,NO_OF_VEHICLES,HEAVYVEHICLE,PASSENGERVEHICLE,MOTORCYCLE,PUBLICVEHICLE,DEG_URBAN_NAME,DEG_URBAN_ALL,LGA_NAME_ALL,REGION_NAME_ALL,RMA,RMA_ALL,DIVIDED,DIVIDED_ALL,STAT_DIV_NAME
11805,11806,T20150008692,Heart attk/suicide/death by nat.causes,Finished,2015/04/24,23:21:00,Yes,Struck Pedestrian,Friday,PED NEAR SIDE. PED HIT BY VEHICLE FROM THE RIGHT.,No,Dark Street lights on,Yes,Not at intersection,Fatal accident,100 km/hr,No,145.24095394,-37.97822661,CASEY,METROPOLITAN SOUTH EAST REGION,2.0,1.0,0.0,0.0,1.0,1.0,1.0,0.0,0.0,1.0,1.0,0.0,0.0,0.0,0.0,0.0,0.0,0.0,0.0,No,0.0,1.0,1.0,0.0,0.0,0.0,MELB_URBAN,MELB_URBAN,CASEY,METROPOLITAN SOUTH EAST REGION,Freeway,Freeway,Divided,Divided,Metro
11833,11834,T20150009790,ABS to receive accident,Finished,2015/04/24,17:45:00,No,Collision with vehicle,Thursday,REAR END(VEHICLES IN SAME LANE),No,Dusk/Dawn,Not known,Multiple intersection,Other injury accident,80 km/hr,No,145.30843666,-38.01836217,CASEY,METROPOLITAN SOUTH EAST REGION,2.0,0.0,0.0,2.0,0.0,1.0,1.0,0.0,0.0,2.0,0.0,0.0,0.0,0.0,0.0,0.0,0.0,0.0,0.0,No,0.0,2.0,0.0,2.0,0.0,0.0,MELB_URBAN,MELB_URBAN,CASEY,METROPOLITAN SOUTH EAST REGION,Freeway,"Freeway,Arterial Other,Local Road",Divided,"Divided,Undivided",Metro
11864,11865,T20150008007,ABS to receive accident,Finished,2015/04/16,09:15:00,No,Collision with vehicle,Wednesday,REAR END(VEHICLES IN SAME LANE),No,Day,Yes,Not at intersection,Other injury accident,80 km/hr,No,145.30548826,-38.03431662,CASEY,METROPOLITAN SOUTH EAST REGION,8.0,0.0,0.0,1.0,7.0,1.0,7.0,0.0,2.0,6.0,0.0,0.0,0.0,0.0,0.0,0.0,0.0,0.0,2.0,No,0.0,6.0,0.0,6.0,0.0,0.0,MELB_URBAN,MELB_URBAN,CASEY,METROPOLITAN SOUTH EAST REGION,Arterial Other,Arterial Other,Divided,Divided,Metro
11871,11872,T20150009852,ABS to receive accident,Finished,2015/04/19,11:10:00,No,Collision with vehicle,Sunday,RIGHT NEAR (INTERSECTIONS ONLY),No,Day,Yes,T intersection,Other injury accident,80 km/hr,No,145.25387446,-38.10208905,CASEY,METROPOLITAN SOUTH EAST REGION,2.0,0.0,0.0,1.0,1.0,1.0,1.0,0.0,0.0,2.0,0.0,0.0,0.0,0.0,0.0,0.0,0.0,0.0,1.0,No,0.0,2.0,0.0,2.0,0.0,0.0,MELB_URBAN,MELB_URBAN,CASEY,METROPOLITAN SOUTH EAST REGION,Local Road,Local Road,Undivided,Undivided,Metro
11899,11900,T20150009996,ABS to receive accident,Finished,2014/12/20,13:10:00,No,Collision with vehicle,Saturday,REAR END(VEHICLES IN SAME LANE),No,Day,Yes,T intersection,Other injury accident,80 km/hr,No,145.24709023,-38.00306351,CASEY,METROPOLITAN SOUTH EAST REGION,4.0,0.0,0.0,1.0,3.0,3.0,1.0,0.0,1.0,3.0,0.0,0.0,0.0,0.0,0.0,0.0,0.0,0.0,1.0,No,0.0,3.0,0.0,3.0,0.0,0.0,MELB_URBAN,MELB_URBAN,CASEY,METROPOLITAN SOUTH EAST REGION,Arterial Highway,"Local Road,Arterial Highway",Divided,Divided,Metro
11914,11915,T20150009087,ABS to receive accident,Finished,2015/04/06,22:00:00,Yes,Struck Pedestrian,Monday,FAR SIDE. PED HIT BY VEHICLE FROM THE LEFT,Yes,Dark Street lights unknown,No,Cross intersection,Other injury accident,80 km/hr,No,145.27855346,-38.0087943,CASEY,METROPOLITAN SOUTH EAST REGION,2.0,0.0,0.0,1.0,1.0,1.0,0.0,0.0,0.0,0.0,1.0,0.0,0.0,1.0,0.0,0.0,0.0,0.0,0.0,No,0.0,1.0,0.0,0.0,0.0,0.0,MELB_URBAN,MELB_URBAN,CASEY,METROPOLITAN SOUTH EAST REGION,Arterial Highway,"Local Road,Arterial Highway",Divided,"Divided,Undivided",Metro
11922,11923,T20150011051,ABS to receive accident,Finished,2015/04/05,13:00:00,No,Collision with vehicle,Sunday,LEFT NEAR (INTERSECTIONS ONLY),No,Day,Yes,T intersection,Other injury accident,70 km/hr,No,145.26493039,-38.02786754,CASEY,METROPOLITAN SOUTH EAST REGION,3.0,0.0,0.0,1.0,2.0,2.0,1.0,0.0,1.0,2.0,0.0,0.0,0.0,0.0,0.0,0.0,0.0,0.0,1.0,No,0.0,2.0,0.0,2.0,0.0,0.0,MELB_URBAN,MELB_URBAN,CASEY,METROPOLITAN SOUTH EAST REGION,Arterial Other,"Arterial Other,Local Road",Divided,"Divided,Undivided",Metro
11923,11924,T20150011097,ABS to receive accident,Finished,2015/05/25,18:00:00,Yes,Collision with vehicle,Monday,REAR END(VEHICLES IN SAME LANE),No,Dark Street lights on,Yes,Cross intersection,Other injury accident,80 km/hr,No,145.27134421,-38.07413467,CASEY,METROPOLITAN SOUTH EAST REGION,3.0,0.0,0.0,1.0,2.0,1.0,2.0,0.0,0.0,3.0,0.0,0.0,0.0,0.0,0.0,0.0,0.0,0.0,0.0,No,0.0,3.0,0.0,3.0,0.0,0.0,MELB_URBAN,MELB_URBAN,CASEY,METROPOLITAN SOUTH EAST REGION,Arterial Highway,"Local Road,Arterial Highway",Divided,"Divided,Undivided",Metro
11962,11963,T20150011169,ABS to receive accident,Finished,2015/05/25,15:30:00,No,Collision with vehicle,Sunday,REAR END(VEHICLES IN SAME LANE),No,Day,No,Not at intersection,Other injury accident,80 km/hr,No,145.25770771,-38.07993204,CASEY,METROPOLITAN SOUTH EAST REGION,3.0,0.0,0.0,1.0,2.0,2.0,1.0,0.0,0.0,3.0,0.0,0.0,0.0,0.0,0.0,0.0,0.0,0.0,0.0,No,0.0,3.0,0.0,3.0,0.0,0.0,MELB_URBAN,MELB_URBAN,CASEY,METROPOLITAN SOUTH EAST REGION,Arterial Other,Arterial Other,Undivided,Undivided,Metro
11970,11971,T20150008065,ABS to receive accident,Finished,2015/04/12,18:00:00,Yes,No collision and no object struck,Sunday,OUT OF CONTROL ON CARRIAGEWAY (ON STRAIGHT),No,Dusk/Dawn,No,Cross intersection,Other injury accident,50 km/hr,No,145.34385605,-38.06084935,CASEY,METROPOLITAN SOUTH EAST REGION,1.0,0.0,0.0,1.0,0.0,1.0,0.0,0.0,0.0,0.0,0.0,0.0,1.0,0.0,0.0,0.0,0.0,0.0,0.0,No,0.0,1.0,0.0,0.0,1.0,0.0,MELB_URBAN,MELB_URBAN,CASEY,METROPOLITAN SOUTH EAST REGION,Local Road,Local Road,Divided,"Undivided,Divided",Metro
12025,12026,T20150009316,ABS to receive accident,Finished,2015/05/02,17:15:00,Yes,Collision with vehicle,Saturday,REAR END(VEHICLES IN SAME LANE),No,Dusk/Dawn,No,Cross intersection,Other injury accident,60 km/hr,No,145.29911653,-38.06526072,CASEY,METROPOLITAN SOUTH EAST REGION,6.0,0.0,0.0,1.0,5.0,1.0,2.0,0.0,4.0,2.0,0.0,0.0,0.0,0.0,0.0,0.0,0.0,0.0,0.0,No,0.0,2.0,0.0,2.0,0.0,0.0,MELB_URBAN,MELB_URBAN,CASEY,METROPOLITAN SOUTH EAST REGION,Arterial Other,"Arterial Other,Local Road",Divided,"Divided,Undivided",Metro
12043,12044,T20150007155,ABS to receive accident,Finished,2015/04/04,06:20:00,Yes,Collision with a fixed object,Saturday,OFF RIGHT BEND INTO OBJECT/PARKED VEHICLE,No,Dark Street lights on,Yes,T intersection,Serious injury accident,50 km/hr,Yes,145.26883259,-38.10436496,CASEY,METROPOLITAN SOUTH EAST REGION,4.0,0.0,4.0,0.0,0.0,3.0,1.0,0.0,3.0,1.0,0.0,0.0,0.0,0.0,0.0,0.0,0.0,0.0,1.0,No,0.0,1.0,0.0,1.0,0.0,0.0,MELB_URBAN,MELB_URBAN,CASEY,METROPOLITAN SOUTH EAST REGION,Local Road,Local Road,Undivided,Undivided,Metro
12071,12072,T20150009389,ABS to receive accident,Finished,2015/05/04,14:15:00,No,Collision with vehicle,Monday,LEFT FAR (INTERSECTIONS ONLY),No,Day,Yes,T intersection,Serious injury accident,50 km/hr,No,145.34327341,-38.03458224,CASEY,METROPOLITAN SOUTH EAST REGION,3.0,0.0,1.0,0.0,2.0,1.0,2.0,0.0,1.0,2.0,0.0,0.0,0.0,0.0,0.0,0.0,0.0,0.0,0.0,No,0.0,2.0,0.0,2.0,0.0,0.0,MELB_URBAN,MELB_URBAN,CASEY,METROPOLITAN SOUTH EAST REGION,Arterial Other,"Arterial Other,Local Road",Divided,"Undivided,Divided",Metro
12120,12121,T20150009508,ABS to receive accident,Finished,2015/05/06,06:30:00,No,Collision with vehicle,Wednesday,RIGHT THROUGH,No,Dusk/Dawn,Yes,Cross intersection,Serious injury accident,70 km/hr,No,145.33844281,-38.0599772,CASEY,METROPOLITAN SOUTH EAST REGION,2.0,0.0,1.0,0.0,1.0,2.0,0.0,0.0,0.0,2.0,0.0,0.0,0.0,0.0,0.0,0.0,0.0,0.0,0.0,No,0.0,2.0,0.0,2.0,0.0,0.0,MELB_URBAN,MELB_URBAN,CASEY,METROPOLITAN SOUTH EAST REGION,Arterial Other,"Arterial Other,Local Road",Divided,"Divided,Undivided",Metro
12153,12154,T20150010380,ABS to receive accident,Finished,2015/05/16,18:00:00,Yes,Collision with vehicle,Saturday,REAR END(VEHICLES IN SAME LANE),No,Dark No street lights,Yes,Not at intersection,Other injury accident,100 km/hr,No,145.28848254,-37.99974717,CASEY,METROPOLITAN SOUTH EAST REGION,3.0,0.0,0.0,1.0,2.0,0.0,3.0,0.0,0.0,3.0,0.0,0.0,0.0,0.0,0.0,0.0,0.0,0.0,2.0,No,0.0,3.0,0.0,3.0,0.0,0.0,MELB_URBAN,MELB_URBAN,CASEY,METROPOLITAN SOUTH EAST REGION,Freeway,Freeway,Divided,Divided,Metro
12178,12179,T20150011477,ABS to receive accident,Finished,2015/05/19,06:30:00,No,Collision with vehicle,Tuesday,RIGHT THROUGH,No,Unk.,Yes,T intersection,Serious injury accident,80 km/hr,No,145.29548627,-38.13267489,CASEY,METROPOLITAN SOUTH EAST REGION,2.0,0.0,2.0,0.0,0.0,1.0,1.0,0.0,0.0,2.0,0.0,0.0,0.0,0.0,0.0,0.0,0.0,0.0,0.0,No,0.0,2.0,0.0,2.0,0.0,0.0,MELB_URBAN,MELB_URBAN,CASEY,METROPOLITAN SOUTH EAST REGION,Arterial Highway,Arterial Highway,Undivided,Undivided,Metro
12189,12190,T20150010485,ABS to receive accident,Finished,2015/05/17,14:20:00,No,Collision with a fixed object,Sunday,OFF END OF ROAD/T-INTERSECTION.,No,Day,No,T intersection,Other injury accident,50 km/hr,No,145.30993307,-38.05733349,CASEY,METROPOLITAN SOUTH EAST REGION,2.0,0.0,0.0,2.0,0.0,1.0,1.0,0.0,1.0,1.0,0.0,0.0,0.0,0.0,0.0,0.0,0.0,0.0,0.0,No,0.0,1.0,0.0,1.0,0.0,0.0,MELB_URBAN,MELB_URBAN,CASEY,METROPOLITAN SOUTH EAST REGION,Local Road,Local Road,Divided,"Divided,Undivided",Metro
12201,12202,T20150007558,ABS to receive accident,Finished,2015/04/10,18:40:00,Yes,Collision with vehicle,Friday,RIGHT NEAR (INTERSECTIONS ONLY),No,Dark Street lights on,Yes,T intersection,Serious injury accident,80 km/hr,No,145.26538777,-38.00523803,CASEY,METROPOLITAN SOUTH EAST REGION,2.0,0.0,1.0,0.0,1.0,2.0,0.0,0.0,0.0,1.0,0.0,0.0,1.0,0.0,0.0,0.0,0.0,0.0,1.0,Yes,0.0,2.0,0.0,1.0,1.0,0.0,MELB_URBAN,MELB_URBAN,CASEY,METROPOLITAN SOUTH EAST REGION,Arterial Highway,"Local Road,Arterial Highway",Divided,"Undivided,Divided",Metro
12271,12272,T20150008488,ABS to receive accident,Finished,2015/04/22,11:15:00,No,Collision with vehicle,Wednesday,RIGHT THROUGH,No,Day,Yes,Multiple intersection,Serious injury accident,80 km/hr,No,145.27507021,-37.99828417,CASEY,METROPOLITAN SOUTH EAST REGION,5.0,0.0,1.0,4.0,0.0,2.0,3.0,0.0,3.0,2.0,0.0,0.0,0.0,0.0,0.0,0.0,0.0,0.0,0.0,No,0.0,2.0,0.0,2.0,0.0,0.0,MELB_URBAN,MELB_URBAN,CASEY,METROPOLITAN SOUTH EAST REGION,Freeway,"Freeway,Arterial Other",Divided,"Undivided,Divided",Metro
12277,12278,T20150011677,ABS to receive accident,Finished,2015/06/01,19:23:00,Yes,Collision with vehicle,Monday,REAR END(VEHICLES IN SAME LANE),No,Dark Street lights on,Yes,T intersection,Other injury accident,70 km/hr,No,145.3157086,-37.99711451,CASEY,METROPOLITAN SOUTH EAST REGION,6.0,0.0,0.0,1.0,5.0,2.0,4.0,0.0,3.0,3.0,0.0,0.0,0.0,0.0,0.0,0.0,0.0,0.0,0.0,No,0.0,3.0,0.0,3.0,0.0,0.0,MELB_URBAN,MELB_URBAN,CASEY,METROPOLITAN SOUTH EAST REGION,Local Road,Local Road,Divided,"Undivided,Divided",Metro
12290,12291,T20150010638,ABS to receive accident,Finished,2015/05/19,21:29:00,Yes,Collision with vehicle,Tuesday,VEHICLE COLLIDES WITH VEHICLE PARKED ON LEFT OF ROAD,No,Dark Street lights on,Yes,Not at intersection,Other injury accident,40 km/hr,No,145.26767803,-38.07386275,CASEY,METROPOLITAN SOUTH EAST REGION,1.0,0.0,0.0,1.0,0.0,1.0,0.0,0.0,0.0,1.0,0.0,0.0,0.0,0.0,0.0,0.0,0.0,0.0,0.0,No,1.0,2.0,0.0,1.0,0.0,0.0,MELB_URBAN,MELB_URBAN,CASEY,METROPOLITAN SOUTH EAST REGION,Local Road,Local Road,Undivided,Undivided,Metro
12307,12308,T20150008550,ABS to receive accident,Finished,2015/04/21,21:20:00,Yes,Collision with vehicle,Tuesday,RIGHT THROUGH,No,Dark Street lights on,Yes,Cross intersection,Serious injury accident,80 km/hr,No,145.32189264,-38.02828596,CASEY,METROPOLITAN SOUTH EAST REGION,2.0,0.0,2.0,0.0,0.0,0.0,2.0,0.0,0.0,2.0,0.0,0.0,0.0,0.0,0.0,0.0,0.0,0.0,0.0,Yes,0.0,2.0,0.0,2.0,0.0,0.0,MELB_URBAN,MELB_URBAN,CASEY,METROPOLITAN SOUTH EAST REGION,Freeway,"Freeway,Arterial Other",Divided,"Undivided,Divided",Metro
12342,12343,T20150011841,ABS to receive accident,Finished,2015/06/04,06:25:00,No,Collision with a fixed object,Thursday,LEFT OFF CARRIAGEWAY INTO OBJECT/PARKED VEHICLE,No,Dark Street lights unknown,Yes,Not at intersection,Serious injury accident,100 km/hr,Yes,145.35403809,-38.19708349,CASEY,METROPOLITAN SOUTH EAST REGION,1.0,0.0,1.0,0.0,0.0,1.0,0.0,0.0,0.0,1.0,0.0,0.0,0.0,0.0,0.0,0.0,0.0,0.0,0.0,No,1.0,1.0,0.0,1.0,0.0,0.0,RURAL_VICTORIA,RURAL_VICTORIA,CASEY,METROPOLITAN SOUTH EAST REGION,Arterial Highway,Arterial Highway,Divided,Divided,Metro
12352,12353,T20150008571,ABS to receive accident,Finished,2015/04/23,09:20:00,No,No collision and no object struck,Thursday,OUT OF CONTROL ON CARRIAGEWAY (ON STRAIGHT),No,Day,Yes,Not at intersection,Serious injury accident,100 km/hr,No,145.37400868,-38.06452657,CASEY,METROPOLITAN SOUTH EAST REGION,1.0,0.0,1.0,0.0,0.0,1.0,0.0,0.0,0.0,0.0,0.0,0.0,1.0,0.0,0.0,0.0,0.0,0.0,0.0,No,0.0,1.0,0.0,0.0,1.0,0.0,MELB_URBAN,MELB_URBAN,CASEY,METROPOLITAN SOUTH EAST REGION,Freeway,Freeway,Divided,Divided,Metro
12369,12370,T20150009725,ABS to receive accident,Finished,2015/04/17,18:00:00,Yes,No collision and no object struck,Friday,OUT OF CONTROL ON CARRIAGEWAY (ON STRAIGHT),Yes,Dark No street lights,No,T intersection,Serious injury accident,80 km/hr,No,145.24925445,-38.00320145,CASEY,METROPOLITAN SOUTH EAST REGION,2.0,0.0,1.0,0.0,1.0,1.0,0.0,0.0,0.0,0.0,0.0,0.0,1.0,1.0,0.0,0.0,0.0,0.0,0.0,No,0.0,2.0,0.0,0.0,1.0,0.0,MELB_URBAN,MELB_URBAN,CASEY,METROPOLITAN SOUTH EAST REGION,Arterial Highway,Arterial Highway,Divided,Divided,Metro
12370,12371,T20150009734,ABS to receive accident,Finished,2015/04/29,08:30:00,No,Collision with vehicle,Wednesday,RIGHT THROUGH,No,Day,No,Cross intersection,Other injury accident,70 km/hr,No,145.25265031,-38.02627148,CASEY,METROPOLITAN SOUTH EAST REGION,2.0,0.0,0.0,1.0,1.0,0.0,2.0,0.0,0.0,2.0,0.0,0.0,0.0,0.0,0.0,0.0,0.0,0.0,0.0,No,0.0,2.0,0.0,2.0,0.0,0.0,MELB_URBAN,MELB_URBAN,CASEY,METROPOLITAN SOUTH EAST REGION,Arterial Other,"Arterial Other,Local Road",Divided,"Undivided,Divided",Metro
12413,12414,T20150011022,ABS to receive accident,Finished,2015/05/24,19:00:00,Yes,Collision with vehicle,Sunday,LEFT NEAR (INTERSECTIONS ONLY),No,Dark No street lights,No,T intersection,Other injury accident,60 km/hr,No,145.29640161,-38.07898721,CASEY,METROPOLITAN SOUTH EAST REGION,3.0,0.0,0.0,1.0,2.0,2.0,1.0,0.0,1.0,2.0,0.0,0.0,0.0,0.0,0.0,0.0,0.0,0.0,1.0,No,0.0,2.0,0.0,2.0,0.0,0.0,MELB_URBAN,MELB_URBAN,CASEY,METROPOLITAN SOUTH EAST REGION,Arterial Other,Arterial Other,Divided,Divided,Metro
12420,12421,T20150011937,ABS to receive accident,Finished,2015/06/04,21:15:00,Yes,Collision with vehicle,Thursday,RIGHT THROUGH,No,Dark Street lights on,Yes,T intersection,Other injury accident,60 km/hr,No,145.30032834,-38.05883306,CASEY,METROPOLITAN SOUTH EAST REGION,3.0,0.0,0.0,2.0,1.0,2.0,1.0,0.0,1.0,2.0,0.0,0.0,0.0,0.0,0.0,0.0,0.0,0.0,2.0,No,0.0,2.0,0.0,2.0,0.0,0.0,MELB_URBAN,MELB_URBAN,CASEY,METROPOLITAN SOUTH EAST REGION,Arterial Other,"Arterial Other,Local Road",Divided,"Divided,Undivided",Metro
12421,12422,T20150011949,ABS to receive accident,Finished,2015/06/02,18:29:00,Yes,Collision with vehicle,Monday,REAR END(VEHICLES IN SAME LANE),No,Dark Street lights unknown,No,T intersection,Other injury accident,80 km/hr,No,145.31627117,-38.08726746,CASEY,METROPOLITAN SOUTH EAST REGION,2.0,0.0,0.0,1.0,1.0,2.0,0.0,0.0,0.0,2.0,0.0,0.0,0.0,0.0,0.0,0.0,0.0,0.0,0.0,No,0.0,2.0,0.0,2.0,0.0,0.0,MELB_URBAN,MELB_URBAN,CASEY,METROPOLITAN SOUTH EAST REGION,Arterial Other,"Arterial Other,Local Road",Divided,"Divided,Undivided",Metro
12426,12427,T20150012029,ABS to receive accident,Finished,2015/05/27,09:15:00,No,Collision with vehicle,Wednesday,REAR END(VEHICLES IN SAME LANE),No,Day,No,Multiple intersection,Other injury accident,Not known,No,145.23634187,-37.97258708,CASEY,METROPOLITAN SOUTH EAST REGION,2.0,0.0,0.0,1.0,1.0,1.0,1.0,0.0,0.0,2.0,0.0,0.0,0.0,0.0,0.0,0.0,0.0,1.0,0.0,No,0.0,2.0,0.0,2.0,0.0,0.0,MELB_URBAN,MELB_URBAN,CASEY,METROPOLITAN SOUTH EAST REGION,Freeway,"Freeway,Arterial Other",Divided,"Undivided,Divided",Metro
12463,12464,T20150012108,ABS to receive accident,Finished,2015/06/07,12:30:00,No,Collision with vehicle,Sunday,REAR END(VEHICLES IN SAME LANE),No,Day,Yes,Not at intersection,Other injury accident,80 km/hr,No,145.33996504,-38.05116403,CASEY,METROPOLITAN SOUTH EAST REGION,7.0,0.0,0.0,1.0,6.0,3.0,4.0,0.0,4.0,3.0,0.0,0.0,0.0,0.0,0.0,0.0,0.0,0.0,0.0,No,0.0,3.0,0.0,3.0,0.0,0.0,MELB_URBAN,MELB_URBAN,CASEY,METROPOLITAN SOUTH EAST REGION,Arterial Other,Arterial Other,Divided,Divided,Metro
12471,12472,T20150009937,ABS to receive accident,Finished,2015/05/11,15:15:00,No,Collision with vehicle,Monday,CROSS TRAFFIC(INTERSECTIONS ONLY),No,Day,Yes,Cross intersection,Serious injury accident,80 km/hr,No,145.25818274,-37.97484405,CASEY,METROPOLITAN SOUTH EAST REGION,2.0,0.0,2.0,0.0,0.0,1.0,1.0,0.0,0.0,2.0,0.0,0.0,0.0,0.0,0.0,0.0,0.0,0.0,1.0,No,0.0,2.0,0.0,2.0,0.0,0.0,MELB_URBAN,MELB_URBAN,CASEY,METROPOLITAN SOUTH EAST REGION,Arterial Other,"Local Road,Arterial Other",Divided,Divided,Metro
12551,12552,T20150008144,ABS to receive accident,Finished,2015/04/17,18:45:00,Yes,Collision with vehicle,Friday,REAR END(VEHICLES IN SAME LANE),No,Unk.,No,T intersection,Serious injury accident,80 km/hr,No,145.24927943,-38.00331625,CASEY,METROPOLITAN SOUTH EAST REGION,3.0,0.0,1.0,1.0,1.0,2.0,1.0,0.0,1.0,2.0,0.0,0.0,0.0,0.0,0.0,0.0,0.0,1.0,0.0,No,0.0,2.0,0.0,2.0,0.0,0.0,MELB_URBAN,MELB_URBAN,CASEY,METROPOLITAN SOUTH EAST REGION,Arterial Highway,"Local Road,Arterial Highway",Divided,"Divided,Undivided",Metro
12572,12573,T20150012291,ABS to receive accident,Finished,2015/06/10,11:45:00,No,Collision with vehicle,Tuesday,CROSS TRAFFIC(INTERSECTIONS ONLY),No,Day,Yes,Cross intersection,Serious injury accident,50 km/hr,No,145.28560079,-38.09929906,CASEY,METROPOLITAN SOUTH EAST REGION,3.0,0.0,1.0,1.0,1.0,2.0,1.0,0.0,1.0,2.0,0.0,0.0,0.0,0.0,0.0,0.0,0.0,0.0,1.0,No,0.0,2.0,0.0,2.0,0.0,0.0,MELB_URBAN,MELB_URBAN,CASEY,METROPOLITAN SOUTH EAST REGION,Local Road,Local Road,Undivided,Undivided,Metro
12616,12617,T20150011495,ABS to receive accident,Finished,2015/05/30,08:30:00,No,Collision with vehicle,Saturday,REAR END(VEHICLES IN SAME LANE),No,Day,Yes,Cross intersection,Serious injury accident,80 km/hr,No,145.30514113,-38.02529769,CASEY,METROPOLITAN SOUTH EAST REGION,2.0,0.0,1.0,0.0,1.0,1.0,1.0,0.0,0.0,1.0,0.0,0.0,1.0,0.0,0.0,0.0,0.0,0.0,0.0,No,0.0,2.0,0.0,1.0,1.0,0.0,MELB_URBAN,MELB_URBAN,CASEY,METROPOLITAN SOUTH EAST REGION,Arterial Highway,"Local Road,Arterial Highway",Divided,Divided,Metro
12623,12624,T20150011387,ABS to receive accident,Finished,2015/05/29,02:10:00,Yes,Collision with a fixed object,Friday,RIGHT OFF CARRIAGEWAY INTO OBJECT/PARKED VEHICLE,No,Dark Street lights on,Yes,Not at intersection,Fatal accident,60 km/hr,Yes,145.24053143,-37.98222452,CASEY,METROPOLITAN SOUTH EAST REGION,1.0,1.0,0.0,0.0,0.0,1.0,0.0,0.0,0.0,1.0,0.0,0.0,0.0,0.0,0.0,0.0,0.0,0.0,0.0,No,1.0,1.0,0.0,1.0,0.0,0.0,MELB_URBAN,MELB_URBAN,CASEY,METROPOLITAN SOUTH EAST REGION,Local Road,Local Road,Undivided,Undivided,Metro
12667,12668,T20150012401,ABS to receive accident,Finished,2015/06/11,15:25:00,No,Collision with vehicle,Wednesday,RIGHT FAR (INTERSECTIONS ONLY),No,Day,Yes,Cross intersection,Other injury accident,80 km/hr,No,145.31268565,-37.99670704,CASEY,METROPOLITAN SOUTH EAST REGION,3.0,0.0,0.0,1.0,2.0,2.0,1.0,0.0,1.0,2.0,0.0,0.0,0.0,0.0,0.0,0.0,0.0,0.0,0.0,No,0.0,2.0,0.0,2.0,0.0,0.0,MELB_URBAN,MELB_URBAN,CASEY,METROPOLITAN SOUTH EAST REGION,Arterial Other,"Arterial Other,Local Road",Divided,Divided,Metro
12680,12681,T20150009297,ABS to receive accident,Finished,2015/05/01,15:30:00,No,Struck Pedestrian,Friday,PED NEAR SIDE. PED HIT BY VEHICLE FROM THE RIGHT.,No,Day,Yes,Not at intersection,Other injury accident,40 km/hr,No,145.2450415,-37.9899833,CASEY,METROPOLITAN SOUTH EAST REGION,2.0,0.0,0.0,1.0,1.0,0.0,2.0,0.0,0.0,1.0,1.0,0.0,0.0,0.0,1.0,0.0,0.0,0.0,0.0,No,0.0,1.0,0.0,1.0,0.0,0.0,MELB_URBAN,MELB_URBAN,CASEY,METROPOLITAN SOUTH EAST REGION,Local Road,Local Road,Undivided,Undivided,Metro
12682,12683,T20150009304,ABS to receive accident,Finished,2015/05/03,07:40:00,Yes,Collision with vehicle,Sunday,REAR END(VEHICLES IN SAME LANE),No,Dusk/Dawn,No,Multiple intersection,Other injury accident,80 km/hr,No,145.34146622,-38.04399703,CASEY,METROPOLITAN SOUTH EAST REGION,2.0,0.0,0.0,1.0,1.0,1.0,1.0,0.0,0.0,2.0,0.0,0.0,0.0,0.0,0.0,0.0,0.0,0.0,1.0,No,0.0,2.0,0.0,2.0,0.0,0.0,MELB_URBAN,MELB_URBAN,CASEY,METROPOLITAN SOUTH EAST REGION,Freeway,"Freeway,Arterial Other",Divided,"Divided,Undivided",Metro
12704,12705,T20150010919,ABS to receive accident,Finished,2015/05/23,07:10:00,Yes,Collision with vehicle,Saturday,RIGHT THROUGH,No,Dusk/Dawn,Yes,Cross intersection,Other injury accident,60 km/hr,No,145.28279081,-38.11303642,CASEY,METROPOLITAN SOUTH EAST REGION,3.0,0.0,0.0,2.0,1.0,1.0,2.0,0.0,1.0,2.0,0.0,0.0,0.0,0.0,0.0,0.0,0.0,0.0,1.0,No,0.0,2.0,0.0,2.0,0.0,0.0,MELB_URBAN,MELB_URBAN,CASEY,METROPOLITAN SOUTH EAST REGION,Arterial Highway,"Arterial Other,Arterial Highway",Divided,Divided,Metro
12736,12737,T20150011456,ABS to receive accident,Finished,2015/05/29,18:15:00,Yes,Collision with vehicle,Friday,RIGHT THROUGH,No,Dark Street lights on,Yes,Cross intersection,Other injury accident,60 km/hr,No,145.27056172,-37.97643427,CASEY,METROPOLITAN SOUTH EAST REGION,4.0,0.0,0.0,2.0,2.0,3.0,1.0,0.0,2.0,2.0,0.0,0.0,0.0,0.0,0.0,0.0,0.0,0.0,1.0,No,0.0,2.0,0.0,1.0,0.0,0.0,MELB_URBAN,MELB_URBAN,CASEY,METROPOLITAN SOUTH EAST REGION,Arterial Other,"Arterial Other,Local Road",Divided,"Divided,Undivided",Metro