,OBJECTID,ACCIDENT_NO,ABS_CODE,ACCIDENT_STATUS,ACCIDENT_DATE,ACCIDENT_TIME,ALCOHOLTIME,ACCIDENT_TYPE,DAY_OF_WEEK,DCA_CODE,HIT_RUN_FLAG,LIGHT_CONDITION,POLICE_ATTEND,ROAD_GEOMETRY,SEVERITY,SPEED_ZONE,RUN_OFFROAD,LONGITUDE,LATITUDE,LGA_NAME,REGION_NAME,TOTAL_PERSONS,FATALITY,SERIOUSINJURY,OTHERINJURY,NONINJURED,MALES,FEMALES,BICYCLIST,PASSENGER,DRIVER,PEDESTRIAN,PILLION,MOTORIST,UNKNOWN,PED_CYCLIST_5_12,PED_CYCLIST_13_18,OLD_PEDESTRIAN,OLD_DRIVER,YOUNG_DRIVER,ALCOHOL_RELATED,UNLICENCSED,NO_OF_VEHICLES,HEAVYVEHICLE,PASSENGERVEHICLE,MOTORCYCLE,PUBLICVEHICLE,DEG_URBAN_NAME,DEG_URBAN_ALL,LGA_NAME_ALL,REGION_NAME_ALL,RMA,RMA_ALL,DIVIDED,DIVIDED_ALL,STAT_DIV_NAME
30009,30010,T20160014255,ABS to receive accident,Finished,2016/05/25,13:30:00,No,Collision with vehicle,Wednesday,REAR END(VEHICLES IN SAME LANE),No,Day,No,Not at intersection,Other injury accident,80 km/hr,No,145.26103764,-38.08035989,CASEY,METROPOLITAN SOUTH EAST REGION,2.0,0.0,0.0,1.0,1.0,1.0,1.0,0.0,0.0,2.0,0.0,0.0,0.0,0.0,0.0,0.0,0.0,0.0,0.0,No,0.0,2.0,0.0,2.0,0.0,0.0,MELB_URBAN,MELB_URBAN,CASEY,METROPOLITAN SOUTH EAST REGION,Arterial Other,Arterial Other,Undivided,Undivided,Metro
30038,30039,T20160014363,ABS to receive accident,Finished,2016/07/01,17:50:00,Yes,Collision with vehicle,Friday,REAR END(VEHICLES IN SAME LANE),No,Dark Street lights on,Yes,Not at intersection,Serious injury accident,80 km/hr,No,145.28304946,-38.09905477,CASEY,METROPOLITAN SOUTH EAST REGION,3.0,0.0,1.0,1.0,1.0,2.0,1.0,0.0,1.0,2.0,0.0,0.0,0.0,0.0,0.0,0.0,0.0,0.0,0.0,No,0.0,2.0,1.0,1.0,0.0,0.0,MELB_URBAN,MELB_URBAN,CASEY,METROPOLITAN SOUTH EAST REGION,Arterial Highway,Arterial Highway,Divided,Divided,Metro
30041,30042,T20160014444,ABS to receive accident,Finished,2016/02/10,16:30:00,No,Collision with vehicle,Tuesday,VEHICLE COLLIDES WITH VEHICLE PARKED ON LEFT OF ROAD,No,Unk.,No,Not at intersection,Other injury accident,50 km/hr,No,145.30788497,-38.06701571,CASEY,METROPOLITAN SOUTH EAST REGION,1.0,0.0,0.0,1.0,0.0,1.0,0.0,0.0,0.0,1.0,0.0,0.0,0.0,0.0,0.0,0.0,0.0,0.0,1.0,No,0.0,2.0,0.0,2.0,0.0,0.0,MELB_URBAN,MELB_URBAN,CASEY,METROPOLITAN SOUTH EAST REGION,Local Road,Local Road,Undivided,Undivided,Metro
30059,30060,T20160012353,ABS to receive accident,Finished,2016/06/05,01:12:00,No,Collision with a fixed object,Sunday,LEFT OFF CARRIAGEWAY INTO OBJECT/PARKED VEHICLE,No,Dark Street lights on,Yes,Multiple intersection,Serious injury accident,80 km/hr,Yes,145.27522766,-37.99732434,CASEY,METROPOLITAN SOUTH EAST REGION,2.0,0.0,2.0,0.0,0.0,2.0,0.0,0.0,1.0,1.0,0.0,0.0,0.0,0.0,0.0,0.0,0.0,0.0,1.0,No,0.0,1.0,0.0,1.0,0.0,0.0,MELB_URBAN,MELB_URBAN,CASEY,METROPOLITAN SOUTH EAST REGION,Freeway,"Freeway,Arterial Other",Divided,"Undivided,Divided",Metro
30107,30108,T20160019619,ABS to receive accident,Finished,2016/09/07,17:15:00,No,Collision with vehicle,Wednesday,RIGHT THROUGH,No,Day,Yes,Cross intersection,Serious injury accident,60 km/hr,No,145.30930331,-38.01386963,CASEY,METROPOLITAN SOUTH EAST REGION,4.0,0.0,1.0,0.0,3.0,0.0,2.0,0.0,2.0,2.0,0.0,0.0,0.0,0.0,0.0,0.0,0.0,0.0,0.0,No,0.0,2.0,0.0,2.0,0.0,0.0,MELB_URBAN,MELB_URBAN,CASEY,METROPOLITAN SOUTH EAST REGION,Arterial Other,"Local Road,Arterial Other",Divided,"Divided,Undivided",Metro
30153,30154,T20160019844,ABS to receive accident,Finished,2016/09/10,15:30:00,Yes,Collision with a fixed object,Saturday,LEFT OFF CARRIAGEWAY INTO OBJECT/PARKED VEHICLE,No,Day,Yes,Not at intersection,Serious injury accident,100 km/hr,Yes,145.30090372,-38.00944815,CASEY,METROPOLITAN SOUTH EAST REGION,2.0,0.0,1.0,0.0,1.0,1.0,1.0,0.0,0.0,2.0,0.0,0.0,0.0,0.0,0.0,0.0,0.0,0.0,0.0,No,1.0,2.0,0.0,2.0,0.0,0.0,MELB_URBAN,MELB_URBAN,CASEY,METROPOLITAN SOUTH EAST REGION,Freeway,Freeway,Divided,Divided,Metro
30159,30160,T20160016623,ABS to receive accident,Finished,2016/07/15,17:38:00,Yes,Collision with vehicle,Friday,REAR END(VEHICLES IN SAME LANE),No,Unk.,Yes,Cross intersection,Serious injury accident,80 km/hr,No,145.29803642,-38.01995864,CASEY,METROPOLITAN SOUTH EAST REGION,5.0,0.0,1.0,1.0,3.0,4.0,1.0,0.0,2.0,3.0,0.0,0.0,0.0,0.0,0.0,0.0,0.0,0.0,0.0,No,0.0,3.0,0.0,3.0,0.0,0.0,MELB_URBAN,MELB_URBAN,CASEY,METROPOLITAN SOUTH EAST REGION,Arterial Highway,"Arterial Highway,Local Road",Divided,Divided,Metro
30169,30170,T20160014682,ABS to receive accident,Finished,2016/04/23,15:30:00,Yes,Collision with vehicle,Saturday,LANE CHANGE RIGHT (NOT OVERTAKING),No,Day,Yes,Not at intersection,Other injury accident,60 km/hr,No,145.30444738,-38.02471893,CASEY,METROPOLITAN SOUTH EAST REGION,2.0,0.0,0.0,1.0,1.0,1.0,1.0,0.0,0.0,1.0,0.0,0.0,1.0,0.0,0.0,0.0,0.0,0.0,1.0,No,0.0,2.0,0.0,1.0,1.0,0.0,MELB_URBAN,MELB_URBAN,CASEY,METROPOLITAN SOUTH EAST REGION,Arterial Highway,Arterial Highway,Divided,Divided,Metro
30191,30192,T20160019988,ABS to receive accident,Finished,2016/08/23,22:00:00,Yes,Collision with vehicle,Tuesday,CROSS TRAFFIC(INTERSECTIONS ONLY),No,Dark Street lights on,Yes,Cross intersection,Other injury accident,80 km/hr,No,145.30689813,-38.02617634,CASEY,METROPOLITAN SOUTH EAST REGION,3.0,0.0,0.0,1.0,2.0,2.0,1.0,0.0,0.0,3.0,0.0,0.0,0.0,0.0,0.0,0.0,0.0,0.0,0.0,No,0.0,3.0,0.0,3.0,0.0,0.0,MELB_URBAN,MELB_URBAN,CASEY,METROPOLITAN SOUTH EAST REGION,Arterial Highway,"Arterial Other,Arterial Highway",Divided,Divided,Metro
30207,30208,T20160012095,ABS to receive accident,Finished,2016/05/27,16:30:00,Yes,Vehicle overturned (no collision),Friday,OUT OF CONTROL ON CARRIAGEWAY (ON STRAIGHT),No,Day,No,T intersection,Other injury accident,80 km/hr,No,145.33764456,-38.06306802,CASEY,METROPOLITAN SOUTH EAST REGION,2.0,0.0,0.0,1.0,1.0,1.0,0.0,0.0,0.0,0.0,0.0,0.0,1.0,1.0,0.0,0.0,0.0,0.0,0.0,No,0.0,2.0,0.0,0.0,1.0,0.0,MELB_URBAN,MELB_URBAN,CASEY,METROPOLITAN SOUTH EAST REGION,Arterial Other,"Arterial Other,Local Road",Divided,Divided,Metro
30224,30225,T20160020013,ABS to receive accident,Finished,2016/09/13,08:35:00,No,Collision with vehicle,Monday,RIGHT THROUGH,No,Day,Yes,Multiple intersection,Serious injury accident,80 km/hr,No,145.27503524,-37.99824848,CASEY,METROPOLITAN SOUTH EAST REGION,2.0,0.0,1.0,0.0,1.0,0.0,2.0,0.0,0.0,2.0,0.0,0.0,0.0,0.0,0.0,0.0,0.0,0.0,1.0,No,0.0,2.0,0.0,2.0,0.0,0.0,MELB_URBAN,MELB_URBAN,CASEY,METROPOLITAN SOUTH EAST REGION,Freeway,"Freeway,Arterial Other",Divided,"Undivided,Divided",Metro
30257,30258,T20160015431,ABS to receive accident,Finished,2016/07/08,22:10:00,Yes,Collision with vehicle,Friday,RIGHT THROUGH,No,Dark Street lights on,Yes,Multiple intersection,Other injury accident,60 km/hr,No,145.23665888,-37.97246739,CASEY,METROPOLITAN SOUTH EAST REGION,5.0,0.0,0.0,1.0,4.0,0.0,4.0,0.0,3.0,2.0,0.0,0.0,0.0,0.0,0.0,0.0,0.0,0.0,0.0,No,0.0,2.0,0.0,2.0,0.0,0.0,MELB_URBAN,MELB_URBAN,CASEY,METROPOLITAN SOUTH EAST REGION,Freeway,"Freeway,Arterial Other",Divided,"Divided,Undivided",Metro
30282,30283,T20160020072,ABS to receive accident,Finished,2016/09/14,05:16:00,Yes,Collision with a fixed object,Wednesday,OFF RIGHT BEND INTO OBJECT/PARKED VEHICLE,No,Dark No street lights,Yes,Not at intersection,Other injury accident,80 km/hr,Yes,145.34094459,-38.00134504,CASEY,METROPOLITAN SOUTH EAST REGION,1.0,0.0,0.0,1.0,0.0,0.0,0.0,0.0,0.0,1.0,0.0,0.0,0.0,0.0,0.0,0.0,0.0,0.0,0.0,No,0.0,1.0,0.0,1.0,0.0,0.0,MELB_URBAN,MELB_URBAN,CASEY,METROPOLITAN SOUTH EAST REGION,Local Road,Local Road,Undivided,Undivided,Metro
30284,30285,T20160012619,ABS to receive accident,Finished,2016/05/13,15:30:00,No,Struck Pedestrian,Friday,PED EMERGES FROM IN FRONT OF PARKED OR STATIONARY VEHICLE,No,Unk.,No,Not at intersection,Other injury accident,50 km/hr,No,145.30570161,-38.0248403,CASEY,METROPOLITAN SOUTH EAST REGION,2.0,0.0,0.0,1.0,1.0,1.0,1.0,0.0,0.0,1.0,1.0,0.0,0.0,0.0,0.0,0.0,0.0,0.0,1.0,No,0.0,1.0,0.0,1.0,0.0,0.0,MELB_URBAN,MELB_URBAN,CASEY,METROPOLITAN SOUTH EAST REGION,Local Road,Local Road,Undivided,Undivided,Metro
30331,30332,T20160012324,ABS to receive accident,Finished,2016/06/04,17:45:00,Yes,Collision with vehicle,Friday,VEHICLE STRIKES ANOTHER VEH WHILE EMERGING FROM DRIVEWAY,No,Dark Street lights on,Yes,T intersection,Other injury accident,60 km/hr,No,145.28325143,-38.10797162,CASEY,METROPOLITAN SOUTH EAST REGION,4.0,0.0,0.0,2.0,2.0,2.0,2.0,0.0,2.0,2.0,0.0,0.0,0.0,0.0,0.0,0.0,0.0,0.0,0.0,No,0.0,2.0,0.0,2.0,0.0,0.0,MELB_URBAN,MELB_URBAN,CASEY,METROPOLITAN SOUTH EAST REGION,Arterial Highway,"Local Road,Arterial Highway",Divided,"Undivided,Divided",Metro
30392,30393,T20160020474,ABS to receive accident,Finished,2016/09/16,09:30:00,No,Collision with vehicle,Thursday,REAR END(VEHICLES IN SAME LANE),No,Day,Yes,Not at intersection,Other injury accident,80 km/hr,No,145.34120735,-38.04509109,CASEY,METROPOLITAN SOUTH EAST REGION,7.0,0.0,0.0,3.0,4.0,3.0,4.0,0.0,3.0,4.0,0.0,0.0,0.0,0.0,0.0,0.0,0.0,0.0,0.0,No,0.0,4.0,0.0,4.0,0.0,0.0,MELB_URBAN,MELB_URBAN,CASEY,METROPOLITAN SOUTH EAST REGION,Arterial Other,Arterial Other,Divided,Divided,Metro
30458,30459,T20160012526,ABS to receive accident,Finished,2016/05/21,16:00:00,Yes,Collision with vehicle,Friday,REAR END(VEHICLES IN SAME LANE),No,Day,Yes,Not at intersection,Other injury accident,100 km/hr,No,145.2408304,-37.97771677,CASEY,METROPOLITAN SOUTH EAST REGION,4.0,0.0,0.0,1.0,3.0,1.0,3.0,0.0,2.0,2.0,0.0,0.0,0.0,0.0,0.0,0.0,0.0,0.0,2.0,No,0.0,2.0,0.0,2.0,0.0,0.0,MELB_URBAN,MELB_URBAN,CASEY,METROPOLITAN SOUTH EAST REGION,Freeway,Freeway,Divided,Divided,Metro
30506,30507,T20160013144,ABS to receive accident,Finished,2016/06/15,08:35:00,No,Struck Pedestrian,Wednesday,PED NEAR SIDE. PED HIT BY VEHICLE FROM THE RIGHT.,No,Day,Yes,Not at intersection,Serious injury accident,80 km/hr,No,145.34063247,-38.04550106,CASEY,METROPOLITAN SOUTH EAST REGION,5.0,0.0,1.0,0.0,4.0,1.0,3.0,0.0,3.0,1.0,1.0,0.0,0.0,0.0,0.0,1.0,0.0,0.0,0.0,No,0.0,1.0,0.0,1.0,0.0,0.0,MELB_URBAN,MELB_URBAN,CASEY,METROPOLITAN SOUTH EAST REGION,Freeway,"Freeway,Arterial Other",Divided,"Undivided,Divided",Metro
30507,30508,T20160013153,ABS to receive accident,Finished,2016/06/14,18:10:00,Yes,Collision with vehicle,Monday,RIGHT THROUGH,No,Dark Street lights on,Yes,Cross intersection,Serious injury accident,60 km/hr,No,145.24226107,-37.97313702,CASEY,METROPOLITAN SOUTH EAST REGION,2.0,0.0,1.0,0.0,1.0,1.0,1.0,0.0,0.0,2.0,0.0,0.0,0.0,0.0,0.0,0.0,0.0,0.0,1.0,No,0.0,2.0,0.0,2.0,0.0,0.0,MELB_URBAN,MELB_URBAN,CASEY,METROPOLITAN SOUTH EAST REGION,Arterial Other,"Local Road,Arterial Other",Divided,"Undivided,Divided",Metro
30531,30532,T20160012637,ABS to receive accident,Finished,2016/06/07,19:00:00,Yes,Struck Pedestrian,Tuesday,PED NEAR SIDE. PED HIT BY VEHICLE FROM THE RIGHT.,No,Dark Street lights on,Yes,Cross intersection,Serious injury accident,60 km/hr,No,145.28313551,-38.09806675,CASEY,METROPOLITAN SOUTH EAST REGION,2.0,0.0,1.0,0.0,1.0,0.0,2.0,0.0,0.0,1.0,1.0,0.0,0.0,0.0,0.0,0.0,0.0,0.0,1.0,No,0.0,1.0,0.0,1.0,0.0,0.0,MELB_URBAN,MELB_URBAN,CASEY,METROPOLITAN SOUTH EAST REGION,Arterial Highway,"Arterial Highway,Local Road",Divided,"Undivided,Divided",Metro
30586,30587,T20160017341,ABS to receive accident,Finished,2016/08/05,23:10:00,Yes,Collision with vehicle,Friday,REAR END(VEHICLES IN SAME LANE),No,Dark Street lights unknown,Yes,Not at intersection,Serious injury accident,100 km/hr,No,145.24727552,-37.98384644,CASEY,METROPOLITAN SOUTH EAST REGION,3.0,0.0,2.0,0.0,1.0,3.0,0.0,0.0,0.0,3.0,0.0,0.0,0.0,0.0,0.0,0.0,0.0,0.0,1.0,No,0.0,3.0,0.0,3.0,0.0,0.0,MELB_URBAN,MELB_URBAN,CASEY,METROPOLITAN SOUTH EAST REGION,Freeway,Freeway,Divided,Divided,Metro
30588,30589,T20160016063,ABS to receive accident,Finished,2016/07/22,21:12:00,Yes,Collision with vehicle,Friday,RIGHT THROUGH,No,Dark Street lights on,Yes,Cross intersection,Serious injury accident,80 km/hr,No,145.25753701,-38.004279,CASEY,METROPOLITAN SOUTH EAST REGION,6.0,0.0,1.0,1.0,4.0,2.0,3.0,0.0,3.0,3.0,0.0,0.0,0.0,0.0,0.0,0.0,0.0,0.0,2.0,No,0.0,3.0,0.0,3.0,0.0,0.0,MELB_URBAN,MELB_URBAN,CASEY,METROPOLITAN SOUTH EAST REGION,Arterial Highway,"Local Road,Arterial Highway",Divided,"Divided,Undivided",Metro
30599,30600,T20160020769,ABS to receive accident,Finished,2016/09/15,22:15:00,Yes,Collision with vehicle,Thursday,VEHICLE COLLIDES WITH VEHICLE PARKED ON LEFT OF ROAD,No,Dark Street lights on,Yes,Not at intersection,Other injury accident,50 km/hr,No,145.27667666,-38.0972499,CASEY,METROPOLITAN SOUTH EAST REGION,1.0,0.0,0.0,1.0,0.0,0.0,1.0,0.0,0.0,1.0,0.0,0.0,0.0,0.0,0.0,0.0,0.0,0.0,0.0,No,1.0,2.0,0.0,2.0,0.0,0.0,MELB_URBAN,MELB_URBAN,CASEY,METROPOLITAN SOUTH EAST REGION,Local Road,Local Road,Undivided,Undivided,Metro
30623,30624,T20160015575,ABS to receive accident,Finished,2016/07/16,19:30:00,Yes,Collision with vehicle,Saturday,REAR END(VEHICLES IN SAME LANE),No,Dark Street lights on,Yes,Not at intersection,Serious injury accident,100 km/hr,No,145.36564255,-38.0580851,CASEY,METROPOLITAN SOUTH EAST REGION,3.0,0.0,1.0,0.0,2.0,1.0,2.0,0.0,1.0,2.0,0.0,0.0,0.0,0.0,0.0,0.0,0.0,1.0,0.0,No,0.0,2.0,0.0,2.0,0.0,0.0,MELB_URBAN,MELB_URBAN,CASEY,METROPOLITAN SOUTH EAST REGION,Freeway,Freeway,Undivided,Undivided,Metro
30641,30642,T20160013503,ABS to receive accident,Finished,2016/05/16,20:20:00,Yes,Collision with vehicle,Monday,RIGHT THROUGH,No,Dark Street lights on,Yes,T intersection,Serious injury accident,80 km/hr,No,145.34000138,-38.0506545,CASEY,METROPOLITAN SOUTH EAST REGION,4.0,0.0,1.0,0.0,3.0,2.0,1.0,0.0,2.0,2.0,0.0,0.0,0.0,0.0,0.0,0.0,0.0,0.0,0.0,No,0.0,2.0,0.0,2.0,0.0,0.0,MELB_URBAN,MELB_URBAN,CASEY,METROPOLITAN SOUTH EAST REGION,Arterial Other,"Arterial Other,Local Road",Divided,"Undivided,Divided",Metro
30646,30647,T20160013600,ABS to receive accident,Finished,2016/06/20,13:54:00,No,Collision with a fixed object,Monday,RIGHT OFF CARRIAGEWAY INTO OBJECT/PARKED VEHICLE,No,Day,Yes,Not at intersection,Serious injury accident,100 km/hr,Yes,145.30302049,-38.01233994,CASEY,METROPOLITAN SOUTH EAST REGION,1.0,0.0,1.0,0.0,0.0,0.0,1.0,0.0,0.0,1.0,0.0,0.0,0.0,0.0,0.0,0.0,0.0,1.0,0.0,No,0.0,1.0,0.0,1.0,0.0,0.0,MELB_URBAN,MELB_URBAN,CASEY,METROPOLITAN SOUTH EAST REGION,Freeway,Freeway,Divided,Divided,Metro
30658,30659,T20160020967,ABS to receive accident,Finished,2016/09/26,18:49:00,Yes,Collision with vehicle,Monday,RIGHT NEAR (INTERSECTIONS ONLY),No,Dark Street lights on,Yes,T intersection,Other injury accident,80 km/hr,No,145.30362415,-38.04408148,CASEY,METROPOLITAN SOUTH EAST REGION,2.0,0.0,0.0,1.0,1.0,2.0,0.0,0.0,0.0,2.0,0.0,0.0,0.0,0.0,0.0,0.0,0.0,0.0,1.0,No,0.0,2.0,0.0,2.0,0.0,0.0,MELB_URBAN,MELB_URBAN,CASEY,METROPOLITAN SOUTH EAST REGION,Arterial Other,"Local Road,Arterial Other",Divided,"Undivided,Divided",Metro
30681,30682,T20160012866,ABS to receive accident,Finished,2016/06/11,12:40:00,No,Collision with vehicle,Saturday,VEHICLE STRIKES ANOTHER VEH WHILE EMERGING FROM DRIVEWAY,No,Day,Yes,Not at intersection,Serious injury accident,50 km/hr,No,145.30902638,-38.02087225,CASEY,METROPOLITAN SOUTH EAST REGION,3.0,0.0,1.0,0.0,2.0,1.0,2.0,0.0,1.0,2.0,0.0,0.0,0.0,0.0,0.0,0.0,0.0,0.0,0.0,No,0.0,2.0,0.0,2.0,0.0,0.0,MELB_URBAN,MELB_URBAN,CASEY,METROPOLITAN SOUTH EAST REGION,Local Road,Local Road,Undivided,Undivided,Metro
30690,30691,T20160013648,ABS to receive accident,Finished,2016/05/28,14:50:00,Yes,Collision with vehicle,Saturday,RIGHT THROUGH,No,Day,No,T intersection,Other injury accident,60 km/hr,No,145.28074315,-38.11278549,CASEY,METROPOLITAN SOUTH EAST REGION,4.0,0.0,0.0,1.0,3.0,2.0,2.0,0.0,2.0,2.0,0.0,0.0,0.0,0.0,0.0,0.0,0.0,0.0,0.0,No,0.0,2.0,0.0,2.0,0.0,0.0,MELB_URBAN,MELB_URBAN,CASEY,METROPOLITAN SOUTH EAST REGION,Arterial Other,"Arterial Other,Local Road",Divided,"Divided,Undivided",Metro
30701,30702,T20160020991,ABS to receive accident,Finished,2016/09/27,06:49:00,No,Collision with vehicle,Tuesday,REAR END(VEHICLES IN SAME LANE),No,Dusk/Dawn,No,Cross intersection,Other injury accident,50 km/hr,No,145.24255944,-38.06292066,CASEY,METROPOLITAN SOUTH EAST REGION,2.0,0.0,0.0,1.0,1.0,2.0,0.0,0.0,0.0,2.0,0.0,0.0,0.0,0.0,0.0,0.0,0.0,0.0,0.0,No,0.0,2.0,0.0,2.0,0.0,0.0,MELB_URBAN,MELB_URBAN,CASEY,METROPOLITAN SOUTH EAST REGION,Arterial Highway,"Local Road,Arterial Highway",Divided,"Divided,Undivided",Metro
30720,30721,T20160012955,ABS to receive accident,Finished,2016/06/12,19:55:00,Yes,Collision with vehicle,Sunday,RIGHT THROUGH,No,Dark Street lights on,Yes,Cross intersection,Serious injury accident,60 km/hr,No,-1.0,-38.03815527,CASEY,METROPOLITAN SOUTH EAST REGION,4.0,0.0,3.0,0.0,1.0,3.0,1.0,0.0,2.0,2.0,0.0,0.0,0.0,0.0,0.0,0.0,0.0,0.0,1.0,No,0.0,2.0,0.0,2.0,0.0,0.0,MELB_URBAN,MELB_URBAN,CASEY,METROPOLITAN SOUTH EAST REGION,Arterial Other,"Local Road,Arterial Other",Divided,"Divided,Undivided",Metro
30771,30772,T20160021027,ABS to receive accident,Finished,2016/09/21,16:30:00,No,Collision with vehicle,Wednesday,LEFT REAR,No,Day,No,Not at intersection,Other injury accident,60 km/hr,No,145.2673395,-38.03439494,CASEY,METROPOLITAN SOUTH EAST REGION,2.0,0.0,0.0,1.0,1.0,0.0,2.0,0.0,0.0,2.0,0.0,0.0,0.0,0.0,0.0,0.0,0.0,0.0,1.0,No,0.0,2.0,0.0,2.0,0.0,0.0,MELB_URBAN,MELB_URBAN,CASEY,METROPOLITAN SOUTH EAST REGION,Arterial Other,Arterial Other,Divided,Divided,Metro
30821,30822,T20160021354,ABS to receive accident,Finished,2016/09/30,18:00:00,Yes,Collision with vehicle,Thursday,REAR END(VEHICLES IN SAME LANE),No,Day,No,Cross intersection,Other injury accident,60 km/hr,No,145.25830353,-38.08000419,CASEY,METROPOLITAN SOUTH EAST REGION,2.0,0.0,0.0,1.0,1.0,0.0,2.0,0.0,0.0,2.0,0.0,0.0,0.0,0.0,0.0,0.0,0.0,0.0,1.0,No,0.0,2.0,0.0,2.0,0.0,0.0,MELB_URBAN,MELB_URBAN,CASEY,METROPOLITAN SOUTH EAST REGION,Arterial Other,"Arterial Other,Local Road",Undivided,Undivided,Metro
30849,30850,T20160017794,ABS to receive accident,Finished,2016/08/13,13:35:00,No,Collision with vehicle,Saturday,REAR END(VEHICLES IN SAME LANE),No,Day,Yes,T intersection,Other injury accident,80 km/hr,No,145.28222238,-38.1032936,CASEY,METROPOLITAN SOUTH EAST REGION,9.0,0.0,0.0,2.0,7.0,6.0,2.0,0.0,7.0,2.0,0.0,0.0,0.0,0.0,0.0,0.0,0.0,0.0,0.0,No,0.0,2.0,0.0,2.0,0.0,0.0,MELB_URBAN,MELB_URBAN,CASEY,METROPOLITAN SOUTH EAST REGION,Arterial Highway,Arterial Highway,Divided,Divided,Metro
30885,30886,T20160015994,ABS to receive accident,Finished,2016/07/15,15:15:00,No,Collision with vehicle,Thursday,REAR END(VEHICLES IN SAME LANE),No,Day,No,Cross intersection,Other injury accident,80 km/hr,No,145.22814639,-38.13402288,CASEY,METROPOLITAN SOUTH EAST REGION,2.0,0.0,0.0,1.0,1.0,1.0,1.0,0.0,0.0,2.0,0.0,0.0,0.0,0.0,0.0,0.0,0.0,0.0,0.0,No,0.0,2.0,0.0,2.0,0.0,0.0,MELB_URBAN,MELB_URBAN,CASEY,METROPOLITAN SOUTH EAST REGION,Arterial Highway,"Arterial Other,Arterial Highway",Divided,"Divided,Undivided",Metro
30903,30904,T20160021448,ABS to receive accident,Finished,2016/10/03,22:53:00,Yes,Collision with vehicle,Monday,RIGHT THROUGH,No,Dark Street lights on,Yes,Cross intersection,Serious injury accident,80 km/hr,No,145.2764445,-38.08224443,CASEY,METROPOLITAN SOUTH EAST REGION,5.0,0.0,3.0,1.0,1.0,3.0,0.0,0.0,3.0,2.0,0.0,0.0,0.0,0.0,0.0,0.0,0.0,0.0,1.0,No,0.0,2.0,0.0,2.0,0.0,0.0,MELB_URBAN,MELB_URBAN,CASEY,METROPOLITAN SOUTH EAST REGION,Arterial Highway,"Arterial Other,Arterial Highway",Divided,Divided,Metro
30952,30953,T20160018010,ABS to receive accident,Finished,2016/08/17,10:30:00,No,Collision with vehicle,Wednesday,RIGHT THROUGH,No,Day,No,T intersection,Other injury accident,80 km/hr,No,145.29275739,-38.09840292,CASEY,METROPOLITAN SOUTH EAST REGION,3.0,0.0,0.0,1.0,2.0,1.0,2.0,0.0,0.0,3.0,0.0,0.0,0.0,0.0,0.0,0.0,0.0,0.0,0.0,No,0.0,3.0,0.0,2.0,0.0,0.0,MELB_URBAN,MELB_URBAN,CASEY,METROPOLITAN SOUTH EAST REGION,Arterial Other,"Arterial Other,Local Road",Divided,"Divided,Undivided",Metro
30969,30970,T20160021615,ABS to receive accident,Finished,2016/10/06,09:50:00,No,Collision with vehicle,Thursday,REAR END(VEHICLES IN SAME LANE),No,Day,Yes,Cross intersection,Other injury accident,80 km/hr,No,145.27634513,-38.08206325,CASEY,METROPOLITAN SOUTH EAST REGION,6.0,0.0,0.0,2.0,4.0,3.0,3.0,0.0,2.0,4.0,0.0,0.0,0.0,0.0,0.0,0.0,0.0,0.0,0.0,No,0.0,4.0,0.0,4.0,0.0,0.0,MELB_URBAN,MELB_URBAN,CASEY,METROPOLITAN SOUTH EAST REGION,Arterial Highway,"Arterial Other,Arterial Highway",Divided,Divided,Metro
30981,30982,T20160014405,ABS to receive accident,Finished,2016/07/02,09:45:00,No,Collision with vehicle,Saturday,REAR END(VEHICLES IN SAME LANE),No,Day,No,Multiple intersection,Serious injury accident,Not known,No,145.23635739,-37.97261251,CASEY,METROPOLITAN SOUTH EAST REGION,2.0,0.0,1.0,0.0,1.0,0.0,2.0,0.0,0.0,2.0,0.0,0.0,0.0,0.0,0.0,0.0,0.0,0.0,1.0,No,0.0,2.0,0.0,2.0,0.0,0.0,MELB_URBAN,MELB_URBAN,CASEY,METROPOLITAN SOUTH EAST REGION,Freeway,"Freeway,Arterial Other",Divided,"Undivided,Divided",Metro
30995,30996,T20160021777,ABS to receive accident,Finished,2016/10/07,20:20:00,Yes,Collision with a fixed object,Friday,RIGHT OFF CARRIAGEWAY INTO OBJECT/PARKED VEHICLE,No,Dark Street lights on,Yes,Multiple intersection,Serious injury accident,80 km/hr,Yes,145.2386984,-37.97421958,CASEY,METROPOLITAN SOUTH EAST REGION,1.0,0.0,1.0,0.0,0.0,1.0,0.0,0.0,0.0,1.0,0.0,0.0,0.0,0.0,0.0,0.0,0.0,0.0,1.0,No,0.0,1.0,0.0,1.0,0.0,0.0,MELB_URBAN,MELB_URBAN,CASEY,METROPOLITAN SOUTH EAST REGION,Arterial Other,Arterial Other,Divided,Divided,Metro
31066,31067,T20160016337,ABS to receive accident,Finished,2016/07/26,16:25:00,No,Collision with vehicle,Tuesday,REAR END(VEHICLES IN SAME LANE),No,Day,Yes,Not at intersection,Other injury accident,100 km/hr,No,145.24325228,-37.97991624,CASEY,METROPOLITAN SOUTH EAST REGION,3.0,0.0,0.0,1.0,2.0,3.0,0.0,0.0,0.0,3.0,0.0,0.0,0.0,0.0,0.0,0.0,0.0,0.0,1.0,No,0.0,3.0,1.0,2.0,0.0,0.0,MELB_URBAN,MELB_URBAN,CASEY,METROPOLITAN SOUTH EAST REGION,Freeway,Freeway,Divided,Divided,Metro