,OBJECTID,ACCIDENT_NO,ABS_CODE,ACCIDENT_STATUS,ACCIDENT_DATE,ACCIDENT_TIME,ALCOHOLTIME,ACCIDENT_TYPE,DAY_OF_WEEK,DCA_CODE,HIT_RUN_FLAG,LIGHT_CONDITION,POLICE_ATTEND,ROAD_GEOMETRY,SEVERITY,SPEED_ZONE,RUN_OFFROAD,LONGITUDE,LATITUDE,LGA_NAME,REGION_NAME,TOTAL_PERSONS,FATALITY,SERIOUSINJURY,OTHERINJURY,NONINJURED,MALES,FEMALES,BICYCLIST,PASSENGER,DRIVER,PEDESTRIAN,PILLION,MOTORIST,UNKNOWN,PED_CYCLIST_5_12,PED_CYCLIST_13_18,OLD_PEDESTRIAN,OLD_DRIVER,YOUNG_DRIVER,ALCOHOL_RELATED,UNLICENCSED,NO_OF_VEHICLES,HEAVYVEHICLE,PASSENGERVEHICLE,MOTORCYCLE,PUBLICVEHICLE,DEG_URBAN_NAME,DEG_URBAN_ALL,LGA_NAME_ALL,REGION_NAME_ALL,RMA,RMA_ALL,DIVIDED,DIVIDED_ALL,STAT_DIV_NAME
31988,31989,T20160018994,ABS to receive accident,Finished,2016/08/30,17:20:00,No,Collision with a fixed object,Tuesday,OFF LEFT BEND INTO OBJECT/PARKED VEHICLE,No,Dusk/Dawn,Yes,Multiple intersection,Other injury accident,80 km/hr,Yes,145.23951625,-37.97259879,CASEY,METROPOLITAN SOUTH EAST REGION,2.0,0.0,0.0,1.0,1.0,1.0,0.0,0.0,1.0,1.0,0.0,0.0,0.0,0.0,0.0,0.0,0.0,0.0,1.0,No,0.0,1.0,0.0,1.0,0.0,0.0,MELB_URBAN,MELB_URBAN,CASEY,METROPOLITAN SOUTH EAST REGION,Freeway,Freeway,Undivided,Undivided,Metro
31995,31996,T20160023931,ABS to receive accident,Finished,2016/11/05,21:40:00,Yes,Collision with vehicle,Saturday,VEHICLE COLLIDES WITH VEHICLE PARKED ON LEFT OF ROAD,No,Dark Street lights on,Yes,Not at intersection,Serious injury accident,50 km/hr,No,145.26958359,-38.09394305,CASEY,METROPOLITAN SOUTH EAST REGION,1.0,0.0,1.0,0.0,0.0,1.0,0.0,0.0,0.0,1.0,0.0,0.0,0.0,0.0,0.0,0.0,0.0,0.0,0.0,No,0.0,2.0,0.0,2.0,0.0,0.0,MELB_URBAN,MELB_URBAN,CASEY,METROPOLITAN SOUTH EAST REGION,Local Road,Local Road,Undivided,Undivided,Metro
32011,32012,T20160018177,ABS to receive accident,Finished,2016/08/19,09:20:00,No,Collision with vehicle,Thursday,RIGHT NEAR (INTERSECTIONS ONLY),No,Day,Yes,T intersection,Other injury accident,80 km/hr,No,145.31144242,-37.98526058,CASEY,METROPOLITAN SOUTH EAST REGION,3.0,0.0,0.0,1.0,2.0,2.0,1.0,0.0,1.0,2.0,0.0,0.0,0.0,0.0,0.0,0.0,0.0,0.0,1.0,No,0.0,2.0,0.0,2.0,0.0,0.0,MELB_URBAN,MELB_URBAN,CASEY,METROPOLITAN SOUTH EAST REGION,Arterial Other,"Arterial Other,Local Road",Undivided,Undivided,Metro
32054,32055,T20160015450,ABS to receive accident,Finished,2016/07/15,20:45:00,Yes,Collision with vehicle,Friday,REAR END(VEHICLES IN SAME LANE),Yes,Dark Street lights on,Yes,T intersection,Other injury accident,50 km/hr,No,145.29271534,-38.0626715,CASEY,METROPOLITAN SOUTH EAST REGION,3.0,0.0,0.0,1.0,2.0,1.0,1.0,0.0,1.0,1.0,0.0,0.0,0.0,1.0,0.0,0.0,0.0,0.0,0.0,No,0.0,2.0,0.0,1.0,0.0,0.0,MELB_URBAN,MELB_URBAN,CASEY,METROPOLITAN SOUTH EAST REGION,Local Road,Local Road,Undivided,Undivided,Metro
32058,32059,T20160019217,ABS to receive accident,Finished,2016/08/17,22:00:00,Yes,Collision with vehicle,Wednesday,RIGHT THROUGH,No,Unk.,No,T intersection,Other injury accident,Not known,No,145.26484553,-38.04763985,CASEY,METROPOLITAN SOUTH EAST REGION,3.0,0.0,0.0,1.0,2.0,1.0,2.0,0.0,1.0,2.0,0.0,0.0,0.0,0.0,0.0,0.0,0.0,0.0,1.0,No,0.0,2.0,0.0,2.0,0.0,0.0,MELB_URBAN,MELB_URBAN,CASEY,METROPOLITAN SOUTH EAST REGION,Arterial Other,"Arterial Other,Local Road",Divided,"Divided,Undivided",Metro
32079,32080,T20160023636,ABS to receive accident,Finished,2016/11/01,14:30:00,No,Collision with a fixed object,Tuesday,LEFT OFF CARRIAGEWAY INTO OBJECT/PARKED VEHICLE,No,Day,Yes,Not at intersection,Serious injury accident,100 km/hr,Yes,145.24648181,-38.21490147,CASEY,METROPOLITAN SOUTH EAST REGION,3.0,0.0,2.0,1.0,0.0,3.0,0.0,0.0,2.0,1.0,0.0,0.0,0.0,0.0,0.0,0.0,0.0,0.0,1.0,No,0.0,1.0,0.0,1.0,0.0,0.0,RURAL_VICTORIA,RURAL_VICTORIA,CASEY,METROPOLITAN SOUTH EAST REGION,Local Road,Local Road,Undivided,Undivided,Metro
32121,32122,T20160023688,ABS to receive accident,Finished,2016/11/02,07:05:00,No,Collision with vehicle,Wednesday,RIGHT THROUGH,No,Day,Yes,T intersection,Other injury accident,80 km/hr,No,145.25471893,-38.04644157,CASEY,METROPOLITAN SOUTH EAST REGION,4.0,0.0,0.0,1.0,3.0,4.0,0.0,0.0,2.0,2.0,0.0,0.0,0.0,0.0,0.0,0.0,0.0,0.0,1.0,No,0.0,2.0,0.0,2.0,0.0,0.0,MELB_URBAN,MELB_URBAN,CASEY,METROPOLITAN SOUTH EAST REGION,Arterial Highway,Arterial Highway,Divided,Divided,Metro
32148,32149,T20160019380,ABS to receive accident,Finished,2016/09/05,08:45:00,No,Collision with vehicle,Monday,RIGHT THROUGH,No,Day,Yes,T intersection,Serious injury accident,80 km/hr,No,145.26395511,-38.00509968,CASEY,METROPOLITAN SOUTH EAST REGION,2.0,0.0,2.0,0.0,0.0,2.0,0.0,0.0,0.0,2.0,0.0,0.0,0.0,0.0,0.0,0.0,0.0,0.0,1.0,No,0.0,2.0,0.0,2.0,0.0,0.0,MELB_URBAN,MELB_URBAN,CASEY,METROPOLITAN SOUTH EAST REGION,Arterial Highway,"Local Road,Arterial Highway",Divided,"Divided,Undivided",Metro
32159,32160,T20160015771,ABS to receive accident,Finished,2016/07/19,20:10:00,Yes,Collision with vehicle,Tuesday,CROSS TRAFFIC(INTERSECTIONS ONLY),No,Dark Street lights on,Yes,Cross intersection,Serious injury accident,80 km/hr,No,145.25754878,-38.05051841,CASEY,METROPOLITAN SOUTH EAST REGION,3.0,0.0,1.0,0.0,2.0,2.0,1.0,0.0,1.0,2.0,0.0,0.0,0.0,0.0,0.0,0.0,0.0,0.0,0.0,No,0.0,2.0,0.0,2.0,0.0,0.0,MELB_URBAN,MELB_URBAN,CASEY,METROPOLITAN SOUTH EAST REGION,Arterial Highway,"Arterial Highway,Local Road",Divided,"Divided,Undivided",Metro
32166,32167,T20160020489,ABS to receive accident,Finished,2016/09/20,10:20:00,No,Collision with vehicle,Tuesday,RIGHT THROUGH,No,Day,Yes,Multiple intersection,Serious injury accident,80 km/hr,No,145.23827044,-37.97263107,CASEY,METROPOLITAN SOUTH EAST REGION,4.0,0.0,1.0,0.0,3.0,0.0,4.0,0.0,2.0,2.0,0.0,0.0,0.0,0.0,0.0,0.0,0.0,0.0,0.0,No,0.0,2.0,0.0,2.0,0.0,0.0,MELB_URBAN,MELB_URBAN,CASEY,METROPOLITAN SOUTH EAST REGION,Arterial Other,Arterial Other,Divided,Divided,Metro
32178,32179,T20160018478,ABS to receive accident,Finished,2016/08/23,10:35:00,No,Collision with a fixed object,Tuesday,OFF RIGHT BEND INTO OBJECT/PARKED VEHICLE,No,Day,Yes,Not at intersection,Serious injury accident,70 km/hr,Yes,145.28128714,-37.98938128,CASEY,METROPOLITAN SOUTH EAST REGION,1.0,0.0,1.0,0.0,0.0,1.0,0.0,0.0,0.0,1.0,0.0,0.0,0.0,0.0,0.0,0.0,0.0,0.0,1.0,No,1.0,1.0,0.0,1.0,0.0,0.0,MELB_URBAN,MELB_URBAN,CASEY,METROPOLITAN SOUTH EAST REGION,Local Road,Local Road,Undivided,Undivided,Metro
32242,32243,T20160015967,ABS to receive accident,Finished,2016/07/21,20:40:00,Yes,Collision with a fixed object,Thursday,LEFT OFF CARRIAGEWAY INTO OBJECT/PARKED VEHICLE,Yes,Dark Street lights on,Yes,Not at intersection,Serious injury accident,50 km/hr,Yes,145.26365766,-38.03249141,CASEY,METROPOLITAN SOUTH EAST REGION,3.0,0.0,1.0,0.0,2.0,3.0,0.0,0.0,2.0,1.0,0.0,0.0,0.0,0.0,0.0,0.0,0.0,0.0,1.0,No,0.0,1.0,0.0,1.0,0.0,0.0,MELB_URBAN,MELB_URBAN,CASEY,METROPOLITAN SOUTH EAST REGION,Local Road,Local Road,Undivided,Undivided,Metro
32252,32253,T20160024569,ABS to receive accident,Finished,2016/10/19,11:00:00,No,No collision and no object struck,Wednesday,OUT OF CONTROL ON CARRIAGEWAY (ON STRAIGHT),No,Day,No,T intersection,Other injury accident,30km/hr,No,145.26569706,-38.04295301,CASEY,METROPOLITAN SOUTH EAST REGION,1.0,0.0,0.0,1.0,0.0,1.0,0.0,0.0,0.0,0.0,0.0,0.0,1.0,0.0,0.0,0.0,0.0,0.0,0.0,No,0.0,1.0,0.0,0.0,1.0,0.0,MELB_URBAN,MELB_URBAN,CASEY,METROPOLITAN SOUTH EAST REGION,Arterial Other,"Local Road,Arterial Other",Divided,"Undivided,Divided",Metro
32293,32294,T20160019701,ABS to receive accident,Finished,2016/07/09,09:56:00,No,Collision with vehicle,Saturday,CROSS TRAFFIC(INTERSECTIONS ONLY),No,Day,Yes,Cross intersection,Other injury accident,80 km/hr,No,145.22820624,-38.13397639,CASEY,METROPOLITAN SOUTH EAST REGION,3.0,0.0,0.0,1.0,2.0,2.0,1.0,0.0,1.0,2.0,0.0,0.0,0.0,0.0,0.0,0.0,0.0,0.0,0.0,No,0.0,2.0,0.0,2.0,0.0,0.0,MELB_URBAN,MELB_URBAN,CASEY,METROPOLITAN SOUTH EAST REGION,Arterial Highway,"Arterial Other,Arterial Highway",Divided,"Divided,Undivided",Metro
32300,32301,T20160018686,ABS to receive accident,Finished,2016/08/22,17:15:00,No,Collision with vehicle,Monday,RIGHT THROUGH,No,Dark Street lights unknown,No,T intersection,Other injury accident,Not known,No,145.29478973,-38.04576279,CASEY,METROPOLITAN SOUTH EAST REGION,2.0,0.0,0.0,1.0,1.0,1.0,1.0,0.0,0.0,2.0,0.0,0.0,0.0,0.0,0.0,0.0,0.0,0.0,0.0,No,0.0,2.0,0.0,2.0,0.0,0.0,MELB_URBAN,MELB_URBAN,CASEY,METROPOLITAN SOUTH EAST REGION,Arterial Other,"Local Road,Arterial Other",Undivided,Undivided,Metro
32309,32310,T20160020701,ABS to receive accident,Finished,2016/09/22,19:39:00,Yes,Collision with vehicle,Thursday,RIGHT NEAR (INTERSECTIONS ONLY),Yes,Dark Street lights on,Yes,Multiple intersection,Other injury accident,80 km/hr,No,145.30861766,-38.01772348,CASEY,METROPOLITAN SOUTH EAST REGION,2.0,0.0,0.0,1.0,1.0,1.0,1.0,0.0,0.0,2.0,0.0,0.0,0.0,0.0,0.0,0.0,0.0,0.0,1.0,No,1.0,2.0,0.0,2.0,0.0,0.0,MELB_URBAN,MELB_URBAN,CASEY,METROPOLITAN SOUTH EAST REGION,Freeway,"Arterial Other,Freeway",Divided,"Undivided,Divided",Metro
32377,32378,T20160024802,ABS to receive accident,Finished,2016/11/17,11:50:00,No,Collision with vehicle,Thursday,HEAD ON (NOT OVERTAKING),No,Day,Yes,Not at intersection,Serious injury accident,70 km/hr,No,145.29241447,-38.04289951,CASEY,METROPOLITAN SOUTH EAST REGION,2.0,0.0,1.0,1.0,0.0,1.0,1.0,0.0,0.0,2.0,0.0,0.0,0.0,0.0,0.0,0.0,0.0,0.0,1.0,No,0.0,2.0,0.0,2.0,0.0,0.0,MELB_URBAN,MELB_URBAN,CASEY,METROPOLITAN SOUTH EAST REGION,Arterial Other,Arterial Other,Undivided,Undivided,Metro
32382,32383,T20160020949,ABS to receive accident,Finished,2016/09/26,09:40:00,Yes,Collision with vehicle,Sunday,CROSS TRAFFIC(INTERSECTIONS ONLY),No,Day,No,Cross intersection,Other injury accident,80 km/hr,No,145.24105002,-38.17118248,CASEY,METROPOLITAN SOUTH EAST REGION,2.0,0.0,0.0,1.0,1.0,2.0,0.0,1.0,0.0,1.0,0.0,0.0,0.0,0.0,0.0,0.0,0.0,0.0,0.0,No,0.0,2.0,0.0,1.0,0.0,0.0,RURAL_VICTORIA,RURAL_VICTORIA,CASEY,METROPOLITAN SOUTH EAST REGION,Local Road,Local Road,Undivided,Undivided,Metro
32394,32395,T20160024357,ABS to receive accident,Finished,2016/10/22,15:30:00,Yes,No collision and no object struck,Saturday,OUT OF CONTROL ON CARRIAGEWAY (ON STRAIGHT),No,Day,No,Not at intersection,Other injury accident,60 km/hr,No,145.29894787,-37.99622946,CASEY,METROPOLITAN SOUTH EAST REGION,1.0,0.0,0.0,1.0,0.0,1.0,0.0,0.0,0.0,0.0,0.0,0.0,1.0,0.0,0.0,0.0,0.0,0.0,0.0,No,0.0,1.0,0.0,0.0,1.0,0.0,MELB_URBAN,MELB_URBAN,CASEY,METROPOLITAN SOUTH EAST REGION,Local Road,Local Road,Undivided,Undivided,Metro
32423,32424,T20160019054,ABS to receive accident,Finished,2016/08/31,11:24:00,No,Collision with vehicle,Wednesday,CROSS TRAFFIC(INTERSECTIONS ONLY),No,Day,Yes,Cross intersection,Serious injury accident,80 km/hr,No,145.33841073,-38.05996711,CASEY,METROPOLITAN SOUTH EAST REGION,4.0,0.0,1.0,1.0,2.0,2.0,1.0,0.0,1.0,3.0,0.0,0.0,0.0,0.0,0.0,0.0,0.0,1.0,1.0,No,1.0,3.0,0.0,3.0,0.0,0.0,MELB_URBAN,MELB_URBAN,CASEY,METROPOLITAN SOUTH EAST REGION,Arterial Other,"Arterial Other,Local Road",Divided,"Divided,Undivided",Metro
32425,32426,T20160021023,ABS to receive accident,Finished,2016/09/14,11:00:00,No,No collision and no object struck,Wednesday,OUT OF CONTROL ON CARRIAGEWAY (ON STRAIGHT),No,Day,No,Not at intersection,Other injury accident,60 km/hr,No,145.34322554,-38.03405783,CASEY,METROPOLITAN SOUTH EAST REGION,1.0,0.0,0.0,1.0,0.0,1.0,0.0,0.0,0.0,0.0,0.0,0.0,1.0,0.0,0.0,0.0,0.0,0.0,0.0,No,0.0,1.0,0.0,0.0,1.0,0.0,MELB_URBAN,MELB_URBAN,CASEY,METROPOLITAN SOUTH EAST REGION,Arterial Other,Arterial Other,Divided,Divided,Metro
32430,32431,T20160016312,ABS to receive accident,Finished,2015/12/07,12:00:00,No,Collision with vehicle,Sunday,REAR END(VEHICLES IN SAME LANE),No,Unk.,Yes,T intersection,Other injury accident,100 km/hr,No,145.23476812,-38.00159155,CASEY,METROPOLITAN SOUTH EAST REGION,3.0,0.0,0.0,1.0,2.0,1.0,0.0,0.0,0.0,3.0,0.0,0.0,0.0,0.0,0.0,0.0,0.0,0.0,0.0,No,0.0,3.0,1.0,2.0,0.0,0.0,MELB_URBAN,MELB_URBAN,CASEY,METROPOLITAN SOUTH EAST REGION,Arterial Highway,"Arterial Highway,Local Road",Divided,"Undivided,Divided",Metro
32454,32455,T20160024906,ABS to receive accident,Finished,2016/10/10,15:00:00,No,Collision with vehicle,Monday,LANE CHANGE RIGHT (NOT OVERTAKING),No,Day,No,Not at intersection,Serious injury accident,60 km/hr,No,145.28138453,-38.11286146,CASEY,METROPOLITAN SOUTH EAST REGION,3.0,0.0,1.0,1.0,1.0,1.0,2.0,0.0,1.0,2.0,0.0,0.0,0.0,0.0,0.0,0.0,0.0,1.0,0.0,No,0.0,2.0,0.0,2.0,0.0,0.0,MELB_URBAN,MELB_URBAN,CASEY,METROPOLITAN SOUTH EAST REGION,Arterial Other,Arterial Other,Divided,Divided,Metro
32477,32478,T20160016653,ABS to receive accident,Finished,2016/07/30,18:10:00,Yes,Collision with vehicle,Friday,REAR END(VEHICLES IN SAME LANE),No,Dark Street lights on,Yes,Not at intersection,Other injury accident,100 km/hr,No,145.23800494,-38.08620404,CASEY,METROPOLITAN SOUTH EAST REGION,2.0,0.0,0.0,1.0,1.0,1.0,1.0,0.0,0.0,2.0,0.0,0.0,0.0,0.0,0.0,0.0,0.0,0.0,1.0,No,0.0,2.0,0.0,2.0,0.0,0.0,MELB_URBAN,MELB_URBAN,CASEY,METROPOLITAN SOUTH EAST REGION,Arterial Highway,Arterial Highway,Divided,Divided,Metro
32509,32510,T20160019163,ABS to receive accident,Finished,2016/08/30,08:40:00,No,Struck Pedestrian,Tuesday,PED NEAR SIDE. PED HIT BY VEHICLE FROM THE RIGHT.,No,Unk.,No,T intersection,Other injury accident,Other speed limit,No,145.30079155,-38.02203956,CASEY,METROPOLITAN SOUTH EAST REGION,2.0,0.0,0.0,1.0,1.0,1.0,1.0,0.0,0.0,1.0,1.0,0.0,0.0,0.0,0.0,0.0,0.0,0.0,0.0,No,0.0,1.0,0.0,1.0,0.0,0.0,MELB_URBAN,MELB_URBAN,CASEY,METROPOLITAN SOUTH EAST REGION,Arterial Highway,"Arterial Highway,Local Road",Divided,Divided,Metro
32536,32537,T20160024677,ABS to receive accident,Finished,2016/09/28,20:55:00,Yes,Collision with a fixed object,Tuesday,LEFT OFF CARRIAGEWAY INTO OBJECT/PARKED VEHICLE,No,Dark Street lights on,Yes,Not at intersection,Other injury accident,80 km/hr,Yes,145.30072007,-38.05277128,CASEY,METROPOLITAN SOUTH EAST REGION,1.0,0.0,0.0,1.0,0.0,0.0,1.0,0.0,0.0,1.0,0.0,0.0,0.0,0.0,0.0,0.0,0.0,0.0,0.0,No,0.0,1.0,0.0,1.0,0.0,0.0,MELB_URBAN,MELB_URBAN,CASEY,METROPOLITAN SOUTH EAST REGION,Arterial Other,Arterial Other,Undivided,Undivided,Metro
32546,32547,T20160021128,ABS to receive accident,Finished,2016/09/28,19:15:00,Yes,Collision with vehicle,Tuesday,OTHER MANOEUVRING NOT INCLUDED IN DCAs 140-148,Yes,Dark Street lights on,No,Not at intersection,Other injury accident,50 km/hr,No,145.2465286,-37.99109469,CASEY,METROPOLITAN SOUTH EAST REGION,2.0,0.0,0.0,1.0,1.0,1.0,1.0,0.0,0.0,2.0,0.0,0.0,0.0,0.0,0.0,0.0,0.0,0.0,0.0,No,0.0,2.0,0.0,2.0,0.0,0.0,MELB_URBAN,MELB_URBAN,CASEY,METROPOLITAN SOUTH EAST REGION,Local Road,Local Road,Undivided,Undivided,Metro
32558,32559,T20160024820,ABS to receive accident,Finished,2016/11/17,16:15:00,No,Collision with vehicle,Wednesday,CROSS TRAFFIC(INTERSECTIONS ONLY),No,Day,Yes,Multiple intersection,Other injury accident,80 km/hr,No,145.28279469,-38.11303616,CASEY,METROPOLITAN SOUTH EAST REGION,4.0,0.0,0.0,1.0,3.0,3.0,1.0,0.0,0.0,4.0,0.0,0.0,0.0,0.0,0.0,0.0,0.0,1.0,1.0,No,0.0,4.0,0.0,4.0,0.0,0.0,MELB_URBAN,MELB_URBAN,CASEY,METROPOLITAN SOUTH EAST REGION,Arterial Highway,"Arterial Other,Arterial Highway",Divided,Divided,Metro
32628,32629,T20160020304,ABS to receive accident,Finished,2016/07/23,12:45:00,No,Collision with vehicle,Saturday,REAR END(VEHICLES IN SAME LANE),No,Day,Yes,Not at intersection,Serious injury accident,80 km/hr,No,145.27116693,-38.07384457,CASEY,METROPOLITAN SOUTH EAST REGION,2.0,0.0,1.0,0.0,1.0,2.0,0.0,0.0,0.0,2.0,0.0,0.0,0.0,0.0,0.0,0.0,0.0,0.0,0.0,Yes,0.0,2.0,0.0,2.0,0.0,0.0,MELB_URBAN,MELB_URBAN,CASEY,METROPOLITAN SOUTH EAST REGION,Arterial Highway,Arterial Highway,Divided,Divided,Metro
32652,32653,T20160021321,ABS to receive accident,Finished,2016/10/01,17:10:00,Yes,Collision with vehicle,Saturday,RIGHT THROUGH,No,Day,Yes,Cross intersection,Serious injury accident,Not known,No,145.33844858,-38.05992905,CASEY,METROPOLITAN SOUTH EAST REGION,2.0,0.0,1.0,0.0,1.0,1.0,1.0,0.0,0.0,2.0,0.0,0.0,0.0,0.0,0.0,0.0,0.0,1.0,1.0,No,0.0,2.0,0.0,2.0,0.0,0.0,MELB_URBAN,MELB_URBAN,CASEY,METROPOLITAN SOUTH EAST REGION,Arterial Other,"Arterial Other,Local Road",Divided,"Undivided,Divided",Metro
32653,32654,T20160021327,ABS to receive accident,Finished,2016/10/01,22:18:00,Yes,Collision with a fixed object,Saturday,LEFT OFF CARRIAGEWAY INTO OBJECT/PARKED VEHICLE,No,Dark No street lights,Yes,Not at intersection,Serious injury accident,80 km/hr,Yes,145.30729096,-38.08611595,CASEY,METROPOLITAN SOUTH EAST REGION,1.0,0.0,1.0,0.0,0.0,1.0,0.0,0.0,0.0,1.0,0.0,0.0,0.0,0.0,0.0,0.0,0.0,0.0,0.0,No,0.0,1.0,0.0,1.0,0.0,0.0,MELB_URBAN,MELB_URBAN,CASEY,METROPOLITAN SOUTH EAST REGION,Arterial Other,Arterial Other,Undivided,Undivided,Metro
32697,32698,T20160021349,ABS to receive accident,Finished,2016/10/02,12:00:00,No,Collision with vehicle,Sunday,REAR END(VEHICLES IN SAME LANE),No,Day,Yes,T intersection,Other injury accident,80 km/hr,No,145.33997216,-38.05074428,CASEY,METROPOLITAN SOUTH EAST REGION,8.0,0.0,0.0,1.0,7.0,5.0,3.0,0.0,5.0,3.0,0.0,0.0,0.0,0.0,0.0,0.0,0.0,0.0,0.0,No,0.0,3.0,0.0,3.0,0.0,0.0,MELB_URBAN,MELB_URBAN,CASEY,METROPOLITAN SOUTH EAST REGION,Arterial Other,"Arterial Other,Local Road",Divided,"Undivided,Divided",Metro
32712,32713,T20160019658,ABS to receive accident,Finished,2016/09/08,10:00:00,No,Collision with vehicle,Thursday,REAR END(VEHICLES IN SAME LANE),No,Day,Yes,T intersection,Serious injury accident,80 km/hr,No,145.24705672,-38.00301691,CASEY,METROPOLITAN SOUTH EAST REGION,2.0,0.0,1.0,1.0,0.0,0.0,2.0,0.0,0.0,2.0,0.0,0.0,0.0,0.0,0.0,0.0,0.0,0.0,1.0,No,0.0,2.0,0.0,2.0,0.0,0.0,MELB_URBAN,MELB_URBAN,CASEY,METROPOLITAN SOUTH EAST REGION,Arterial Highway,"Local Road,Arterial Highway",Divided,Divided,Metro
32763,32764,T20160020690,ABS to receive accident,Finished,2016/09/22,17:35:00,No,Collision with vehicle,Thursday,RIGHT THROUGH,No,Dusk/Dawn,Yes,Cross intersection,Serious injury accident,80 km/hr,No,145.27062364,-37.97636782,CASEY,METROPOLITAN SOUTH EAST REGION,4.0,0.0,1.0,0.0,3.0,2.0,2.0,0.0,2.0,2.0,0.0,0.0,0.0,0.0,0.0,0.0,0.0,0.0,1.0,No,0.0,2.0,0.0,2.0,0.0,0.0,MELB_URBAN,MELB_URBAN,CASEY,METROPOLITAN SOUTH EAST REGION,Arterial Other,"Arterial Other,Local Road",Divided,"Divided,Undivided",Metro
32824,32825,T20160021606,ABS to receive accident,Finished,2016/09/30,19:55:00,Yes,Collision with a fixed object,Thursday,OFF LEFT BEND INTO OBJECT/PARKED VEHICLE,No,Dark No street lights,Yes,T intersection,Serious injury accident,80 km/hr,Yes,145.37753473,-37.97476166,CASEY,METROPOLITAN SOUTH EAST REGION,1.0,0.0,1.0,0.0,0.0,1.0,0.0,0.0,0.0,1.0,0.0,0.0,0.0,0.0,0.0,0.0,0.0,0.0,0.0,No,0.0,1.0,0.0,1.0,0.0,0.0,RURAL_VICTORIA,RURAL_VICTORIA,"CASEY,YARRA RANGES",METROPOLITAN SOUTH EAST REGION,Local Road,Local Road,Undivided,Undivided,Metro
32834,32835,T20160025826,ABS to receive accident,Finished,2016/11/19,12:20:00,No,Collision with vehicle,Saturday,REAR END(VEHICLES IN SAME LANE),No,Day,Yes,Cross intersection,Other injury accident,60 km/hr,No,145.27042765,-38.01986967,CASEY,METROPOLITAN SOUTH EAST REGION,5.0,0.0,0.0,1.0,4.0,2.0,3.0,0.0,2.0,3.0,0.0,0.0,0.0,0.0,0.0,0.0,0.0,0.0,1.0,No,0.0,3.0,0.0,3.0,0.0,0.0,MELB_URBAN,MELB_URBAN,CASEY,METROPOLITAN SOUTH EAST REGION,Arterial Other,"Arterial Other,Local Road",Undivided,Undivided,Metro
32848,32849,T20160017410,ABS to receive accident,Finished,2016/08/05,14:00:00,No,Collision with vehicle,Friday,RIGHT THROUGH,No,Day,No,T intersection,Other injury accident,50 km/hr,No,145.3104434,-38.02451679,CASEY,METROPOLITAN SOUTH EAST REGION,2.0,0.0,0.0,1.0,1.0,2.0,0.0,0.0,0.0,1.0,0.0,0.0,1.0,0.0,0.0,0.0,0.0,0.0,0.0,No,0.0,2.0,0.0,1.0,1.0,0.0,MELB_URBAN,MELB_URBAN,CASEY,METROPOLITAN SOUTH EAST REGION,Local Road,Local Road,Undivided,Undivided,Metro
32868,32869,T20160020871,ABS to receive accident,Finished,2016/09/25,13:30:00,No,Collision with vehicle,Sunday,RIGHT THROUGH,No,Day,Yes,Cross intersection,Other injury accident,80 km/hr,No,145.27332498,-38.00633915,CASEY,METROPOLITAN SOUTH EAST REGION,5.0,0.0,0.0,4.0,1.0,1.0,4.0,0.0,2.0,3.0,0.0,0.0,0.0,0.0,0.0,0.0,0.0,0.0,0.0,No,0.0,3.0,0.0,3.0,0.0,0.0,MELB_URBAN,MELB_URBAN,CASEY,METROPOLITAN SOUTH EAST REGION,Arterial Highway,"Arterial Other,Arterial Highway",Divided,"Divided,Undivided",Metro
32883,32884,T20160021796,ABS to receive accident,Finished,2016/10/08,07:30:00,Yes,Collision with a fixed object,Saturday,RIGHT OFF CARRIAGEWAY INTO OBJECT/PARKED VEHICLE,No,Day,Yes,Not at intersection,Other injury accident,100 km/hr,Yes,145.25020621,-38.01272436,CASEY,METROPOLITAN SOUTH EAST REGION,1.0,0.0,0.0,1.0,0.0,1.0,0.0,0.0,0.0,1.0,0.0,0.0,0.0,0.0,0.0,0.0,0.0,0.0,0.0,No,0.0,1.0,0.0,1.0,0.0,0.0,MELB_URBAN,MELB_URBAN,CASEY,METROPOLITAN SOUTH EAST REGION,Freeway,Freeway,Divided,Divided,Metro
32899,32900,T20160020915,ABS to receive accident,Finished,2016/09/26,08:30:00,No,Collision with vehicle,Monday,RIGHT THROUGH,No,Day,Yes,Not at intersection,Other injury accident,80 km/hr,No,145.30796725,-38.02238587,CASEY,METROPOLITAN SOUTH EAST REGION,2.0,0.0,0.0,1.0,1.0,1.0,1.0,0.0,0.0,2.0,0.0,0.0,0.0,0.0,0.0,0.0,0.0,1.0,0.0,No,0.0,2.0,0.0,2.0,0.0,0.0,MELB_URBAN,MELB_URBAN,CASEY,METROPOLITAN SOUTH EAST REGION,Arterial Other,Arterial Other,Divided,"Divided,Undivided",Metro
32910,32911,T20160017448,ABS to receive accident,Finished,2016/08/09,19:29:00,Yes,Collision with vehicle,Tuesday,RIGHT NEAR (INTERSECTIONS ONLY),No,Dark Street lights on,Yes,T intersection,Serious injury accident,80 km/hr,No,145.30359401,-38.04408155,CASEY,METROPOLITAN SOUTH EAST REGION,3.0,0.0,1.0,0.0,2.0,3.0,0.0,0.0,1.0,2.0,0.0,0.0,0.0,0.0,0.0,0.0,0.0,0.0,2.0,No,1.0,2.0,0.0,2.0,0.0,0.0,MELB_URBAN,MELB_URBAN,CASEY,METROPOLITAN SOUTH EAST REGION,Arterial Other,"Local Road,Arterial Other",Divided,"Undivided,Divided",Metro