,OBJECTID,ACCIDENT_NO,ABS_CODE,ACCIDENT_STATUS,ACCIDENT_DATE,ACCIDENT_TIME,ALCOHOLTIME,ACCIDENT_TYPE,DAY_OF_WEEK,DCA_CODE,HIT_RUN_FLAG,LIGHT_CONDITION,POLICE_ATTEND,ROAD_GEOMETRY,SEVERITY,SPEED_ZONE,RUN_OFFROAD,LONGITUDE,LATITUDE,LGA_NAME,REGION_NAME,TOTAL_PERSONS,FATALITY,SERIOUSINJURY,OTHERINJURY,NONINJURED,MALES,FEMALES,BICYCLIST,PASSENGER,DRIVER,PEDESTRIAN,PILLION,MOTORIST,UNKNOWN,PED_CYCLIST_5_12,PED_CYCLIST_13_18,OLD_PEDESTRIAN,OLD_DRIVER,YOUNG_DRIVER,ALCOHOL_RELATED,UNLICENCSED,NO_OF_VEHICLES,HEAVYVEHICLE,PASSENGERVEHICLE,MOTORCYCLE,PUBLICVEHICLE,DEG_URBAN_NAME,DEG_URBAN_ALL,LGA_NAME_ALL,REGION_NAME_ALL,RMA,RMA_ALL,DIVIDED,DIVIDED_ALL,STAT_DIV_NAME
40261,40262,T20160022227,ABS to receive accident,Finished,2016/10/11,15:00:00,No,Collision with vehicle,Tuesday,REAR END(VEHICLES IN SAME LANE),No,Day,Yes,Not at intersection,Other injury accident,100 km/hr,No,145.24595937,-37.98266308,CASEY,METROPOLITAN SOUTH EAST REGION,33.0,0.0,0.0,6.0,27.0,3.0,2.0,0.0,30.0,3.0,0.0,0.0,0.0,0.0,0.0,0.0,0.0,0.0,0.0,No,0.0,3.0,1.0,1.0,0.0,1.0,MELB_URBAN,MELB_URBAN,CASEY,METROPOLITAN SOUTH EAST REGION,Freeway,Freeway,Divided,Divided,Metro
40265,40266,T20170013961,ABS to receive accident,Finished,2017/07/18,14:40:00,No,Collision with vehicle,Tuesday,REAR END(VEHICLES IN SAME LANE),No,Day,Yes,Not at intersection,Other injury accident,80 km/hr,No,145.31473638,-38.02251734,CASEY,METROPOLITAN SOUTH EAST REGION,3.0,0.0,0.0,1.0,2.0,1.0,2.0,0.0,1.0,2.0,0.0,0.0,0.0,0.0,0.0,0.0,0.0,0.0,1.0,No,0.0,2.0,0.0,1.0,0.0,0.0,MELB_URBAN,MELB_URBAN,CASEY,METROPOLITAN SOUTH EAST REGION,Freeway,Freeway,Divided,Divided,Metro
40270,40271,T20170006532,ABS to receive accident,Finished,2017/03/31,17:10:00,No,Collision with a fixed object,Thursday,OFF RIGHT BEND INTO OBJECT/PARKED VEHICLE,No,Day,Yes,Not at intersection,Other injury accident,50 km/hr,Yes,145.24333669,-37.97722156,CASEY,METROPOLITAN SOUTH EAST REGION,4.0,0.0,0.0,1.0,3.0,1.0,0.0,0.0,2.0,1.0,0.0,0.0,1.0,0.0,0.0,0.0,0.0,0.0,0.0,No,0.0,2.0,0.0,1.0,1.0,0.0,MELB_URBAN,MELB_URBAN,CASEY,METROPOLITAN SOUTH EAST REGION,Local Road,Local Road,Undivided,Undivided,Metro
40306,40307,T20160022255,ABS to receive accident,Finished,2016/09/02,22:00:00,Yes,Collision with vehicle,Thursday,RIGHT REAR.,No,Dark Street lights on,No,T intersection,Other injury accident,50 km/hr,No,145.27710275,-38.0974001,CASEY,METROPOLITAN SOUTH EAST REGION,2.0,0.0,0.0,1.0,1.0,1.0,1.0,0.0,0.0,2.0,0.0,0.0,0.0,0.0,0.0,0.0,0.0,0.0,1.0,No,0.0,2.0,0.0,2.0,0.0,0.0,MELB_URBAN,MELB_URBAN,CASEY,METROPOLITAN SOUTH EAST REGION,Local Road,Local Road,Undivided,Undivided,Metro
40404,40405,T20170004110,ABS to receive accident,Finished,2017/02/28,17:39:00,No,Collision with a fixed object,Tuesday,OFF RIGHT BEND INTO OBJECT/PARKED VEHICLE,No,Day,Yes,T intersection,Other injury accident,60 km/hr,Yes,145.32626961,-38.02627753,CASEY,METROPOLITAN SOUTH EAST REGION,1.0,0.0,0.0,1.0,0.0,1.0,0.0,0.0,0.0,1.0,0.0,0.0,0.0,0.0,0.0,0.0,0.0,0.0,1.0,No,0.0,1.0,0.0,1.0,0.0,0.0,MELB_URBAN,MELB_URBAN,CASEY,METROPOLITAN SOUTH EAST REGION,Local Road,Local Road,Divided,Divided,Metro
40435,40436,T20170013354,ABS to receive accident,Finished,2017/07/09,12:50:00,No,Struck Pedestrian,Sunday,PED NEAR SIDE. PED HIT BY VEHICLE FROM THE RIGHT.,No,Day,Yes,Not at intersection,Serious injury accident,80 km/hr,No,145.29847441,-38.06896273,CASEY,METROPOLITAN SOUTH EAST REGION,2.0,0.0,1.0,0.0,1.0,1.0,1.0,0.0,0.0,1.0,1.0,0.0,0.0,0.0,0.0,1.0,0.0,0.0,0.0,No,0.0,1.0,0.0,1.0,0.0,0.0,MELB_URBAN,MELB_URBAN,CASEY,METROPOLITAN SOUTH EAST REGION,Arterial Other,Arterial Other,Divided,Divided,Metro
40463,40464,T20170004268,ABS to receive accident,Finished,2017/02/27,16:45:00,No,Collision with vehicle,Monday,REAR END(VEHICLES IN SAME LANE),No,Day,No,T intersection,Other injury accident,80 km/hr,No,145.27140386,-38.08160747,CASEY,METROPOLITAN SOUTH EAST REGION,2.0,0.0,0.0,1.0,1.0,2.0,0.0,0.0,0.0,1.0,0.0,0.0,1.0,0.0,0.0,0.0,0.0,0.0,0.0,No,0.0,2.0,0.0,1.0,1.0,0.0,MELB_URBAN,MELB_URBAN,CASEY,METROPOLITAN SOUTH EAST REGION,Arterial Other,"Arterial Other,Local Road",Undivided,Undivided,Metro
40470,40471,T20170007163,ABS to receive accident,Finished,2017/04/09,13:20:00,No,Collision with vehicle,Sunday,REAR END(VEHICLES IN SAME LANE),No,Day,No,Multiple intersection,Other injury accident,80 km/hr,No,145.27529487,-37.99716925,CASEY,METROPOLITAN SOUTH EAST REGION,3.0,0.0,0.0,1.0,2.0,2.0,1.0,0.0,0.0,3.0,0.0,0.0,0.0,0.0,0.0,0.0,0.0,0.0,0.0,No,0.0,3.0,0.0,3.0,0.0,0.0,MELB_URBAN,MELB_URBAN,CASEY,METROPOLITAN SOUTH EAST REGION,Freeway,"Freeway,Arterial Other",Divided,"Undivided,Divided",Metro
40484,40485,T20170007592,ABS to receive accident,Finished,2017/04/15,17:34:00,Yes,Collision with vehicle,Saturday,VEHICLE STRIKES ANOTHER VEH WHILE EMERGING FROM DRIVEWAY,No,Dark Street lights on,Yes,Not at intersection,Other injury accident,70 km/hr,No,145.29652547,-38.11480643,CASEY,METROPOLITAN SOUTH EAST REGION,4.0,0.0,0.0,1.0,3.0,2.0,2.0,0.0,2.0,2.0,0.0,0.0,0.0,0.0,0.0,0.0,0.0,0.0,0.0,No,0.0,2.0,0.0,2.0,0.0,0.0,MELB_URBAN,MELB_URBAN,CASEY,METROPOLITAN SOUTH EAST REGION,Arterial Other,"Local Road,Arterial Other",Undivided,Undivided,Metro
40492,40493,T20170013494,ABS to receive accident,Finished,2017/07/11,15:23:00,No,Collision with vehicle,Tuesday,RIGHT FAR (INTERSECTIONS ONLY),No,Day,Yes,T intersection,Serious injury accident,80 km/hr,No,145.33866323,-38.05768172,CASEY,METROPOLITAN SOUTH EAST REGION,3.0,0.0,1.0,1.0,1.0,1.0,2.0,0.0,1.0,2.0,0.0,0.0,0.0,0.0,0.0,0.0,0.0,0.0,0.0,No,0.0,2.0,0.0,2.0,0.0,0.0,MELB_URBAN,MELB_URBAN,CASEY,METROPOLITAN SOUTH EAST REGION,Arterial Other,Arterial Other,Divided,Divided,Metro
40499,40500,T20160022653,ABS to receive accident,Finished,2016/10/19,08:30:00,No,Collision with vehicle,Wednesday,REAR END(VEHICLES IN SAME LANE),No,Day,No,T intersection,Other injury accident,60 km/hr,No,145.34707445,-38.02889503,CASEY,METROPOLITAN SOUTH EAST REGION,2.0,0.0,0.0,1.0,1.0,1.0,1.0,0.0,0.0,2.0,0.0,0.0,0.0,0.0,0.0,0.0,0.0,0.0,0.0,No,0.0,2.0,0.0,2.0,0.0,0.0,MELB_URBAN,MELB_URBAN,CASEY,METROPOLITAN SOUTH EAST REGION,Local Road,Local Road,Undivided,Undivided,Metro
40505,40506,T20160022743,ABS to receive accident,Finished,2016/10/20,19:46:00,Yes,Collision with a fixed object,Thursday,OFF LEFT BEND INTO OBJECT/PARKED VEHICLE,No,Dusk/Dawn,Yes,T intersection,Serious injury accident,80 km/hr,Yes,145.24414699,-37.94366899,CASEY,METROPOLITAN SOUTH EAST REGION,4.0,0.0,3.0,1.0,0.0,3.0,1.0,0.0,3.0,1.0,0.0,0.0,0.0,0.0,0.0,0.0,0.0,0.0,0.0,No,0.0,1.0,0.0,1.0,0.0,0.0,MELB_URBAN,MELB_URBAN,CASEY,METROPOLITAN SOUTH EAST REGION,Local Road,Local Road,Undivided,Undivided,Metro
40529,40530,T20170008784,ABS to receive accident,Finished,2017/05/03,18:50:00,Yes,Collision with vehicle,Wednesday,RIGHT THROUGH,No,Dark Street lights on,Yes,Cross intersection,Serious injury accident,60 km/hr,No,145.27334767,-38.00636293,CASEY,METROPOLITAN SOUTH EAST REGION,9.0,0.0,2.0,0.0,7.0,3.0,1.0,0.0,6.0,2.0,0.0,0.0,0.0,1.0,0.0,0.0,0.0,0.0,0.0,No,0.0,2.0,0.0,1.0,0.0,1.0,MELB_URBAN,MELB_URBAN,CASEY,METROPOLITAN SOUTH EAST REGION,Arterial Highway,"Arterial Other,Arterial Highway",Divided,"Divided,Undivided",Metro
40536,40537,T20160022889,ABS to receive accident,Finished,2016/10/22,13:30:00,No,Collision with vehicle,Saturday,REAR END(VEHICLES IN SAME LANE),Yes,Day,Yes,Not at intersection,Other injury accident,100 km/hr,No,145.23802095,-37.97333524,CASEY,METROPOLITAN SOUTH EAST REGION,2.0,0.0,0.0,2.0,0.0,1.0,1.0,0.0,0.0,2.0,0.0,0.0,0.0,0.0,0.0,0.0,0.0,0.0,0.0,No,0.0,2.0,0.0,2.0,0.0,0.0,MELB_URBAN,MELB_URBAN,CASEY,METROPOLITAN SOUTH EAST REGION,Freeway,Freeway,Divided,Divided,Metro
40544,40545,T20170007233,ABS to receive accident,Finished,2017/04/10,14:02:00,No,Collision with vehicle,Sunday,RIGHT THROUGH,No,Day,Yes,Cross intersection,Other injury accident,80 km/hr,No,145.25216738,-38.00367983,CASEY,METROPOLITAN SOUTH EAST REGION,4.0,0.0,0.0,2.0,2.0,1.0,3.0,0.0,2.0,2.0,0.0,0.0,0.0,0.0,0.0,0.0,0.0,0.0,1.0,No,0.0,2.0,0.0,2.0,0.0,0.0,MELB_URBAN,MELB_URBAN,CASEY,METROPOLITAN SOUTH EAST REGION,Freeway,"Arterial Highway,Freeway",Divided,Divided,Metro
40574,40575,T20170014465,ABS to receive accident,Finished,2017/07/25,21:30:00,Yes,Collision with vehicle,Tuesday,VEHICLE STRIKES ANOTHER VEH WHILE EMERGING FROM DRIVEWAY,No,Dark Street lights on,Yes,T intersection,Other injury accident,70 km/hr,No,145.28669423,-38.11747243,CASEY,METROPOLITAN SOUTH EAST REGION,2.0,0.0,0.0,1.0,1.0,1.0,1.0,0.0,0.0,2.0,0.0,0.0,0.0,0.0,0.0,0.0,0.0,0.0,0.0,No,0.0,2.0,0.0,2.0,0.0,0.0,MELB_URBAN,MELB_URBAN,CASEY,METROPOLITAN SOUTH EAST REGION,Arterial Highway,"Local Road,Arterial Highway",Divided,"Divided,Undivided",Metro
40620,40621,T20160023016,ABS to receive accident,Finished,2016/10/20,22:10:00,Yes,Collision with vehicle,Thursday,OTHER OPPOSING MANOEUVRES NOT INCLUDED IN DCAs 120-125.,Yes,Dark Street lights on,Yes,Cross intersection,Other injury accident,50 km/hr,No,145.26790045,-38.09624956,CASEY,METROPOLITAN SOUTH EAST REGION,5.0,0.0,0.0,1.0,4.0,4.0,0.0,0.0,3.0,1.0,0.0,0.0,0.0,1.0,0.0,0.0,0.0,0.0,1.0,No,0.0,2.0,0.0,1.0,0.0,0.0,MELB_URBAN,MELB_URBAN,CASEY,METROPOLITAN SOUTH EAST REGION,Local Road,Local Road,Undivided,Undivided,Metro
40642,40643,T20170014634,ABS to receive accident,Finished,2017/07/28,14:50:00,No,Collision with vehicle,Thursday,REAR END(VEHICLES IN SAME LANE),No,Day,Yes,Not at intersection,Other injury accident,80 km/hr,No,145.24805739,-37.9846454,CASEY,METROPOLITAN SOUTH EAST REGION,7.0,0.0,0.0,1.0,6.0,4.0,3.0,0.0,5.0,2.0,0.0,0.0,0.0,0.0,0.0,0.0,0.0,0.0,0.0,No,0.0,5.0,0.0,4.0,0.0,0.0,MELB_URBAN,MELB_URBAN,CASEY,METROPOLITAN SOUTH EAST REGION,Freeway,Freeway,Divided,Divided,Metro
40756,40757,T20170014894,ABS to receive accident,Finished,2017/08/01,17:48:00,No,Struck Pedestrian,Tuesday,FAR SIDE. PED HIT BY VEHICLE FROM THE LEFT,No,Dark Street lights on,Yes,Cross intersection,Serious injury accident,80 km/hr,No,145.30516138,-38.02549084,CASEY,METROPOLITAN SOUTH EAST REGION,3.0,0.0,1.0,1.0,1.0,2.0,0.0,0.0,0.0,1.0,2.0,0.0,0.0,0.0,0.0,0.0,2.0,0.0,0.0,No,0.0,1.0,0.0,1.0,0.0,0.0,MELB_URBAN,MELB_URBAN,CASEY,METROPOLITAN SOUTH EAST REGION,Arterial Highway,"Local Road,Arterial Highway",Divided,Divided,Metro
40773,40774,T20170009034,ABS to receive accident,Finished,2017/05/07,17:50:00,Yes,Collision with vehicle,Sunday,HEAD ON (NOT OVERTAKING),No,Dark No street lights,Yes,Not at intersection,Serious injury accident,80 km/hr,No,145.30292629,-38.08549021,CASEY,METROPOLITAN SOUTH EAST REGION,7.0,0.0,7.0,0.0,0.0,2.0,5.0,0.0,5.0,2.0,0.0,0.0,0.0,0.0,0.0,0.0,0.0,0.0,0.0,No,0.0,2.0,0.0,2.0,0.0,0.0,MELB_URBAN,MELB_URBAN,CASEY,METROPOLITAN SOUTH EAST REGION,Arterial Other,Arterial Other,Undivided,Undivided,Metro
40913,40914,T20170009223,ABS to receive accident,Finished,2017/05/05,09:30:00,No,Collision with vehicle,Thursday,RIGHT FAR (INTERSECTIONS ONLY),No,Day,No,T intersection,Other injury accident,40 km/hr,No,145.26790797,-37.98083638,CASEY,METROPOLITAN SOUTH EAST REGION,2.0,0.0,0.0,1.0,1.0,0.0,2.0,0.0,0.0,2.0,0.0,0.0,0.0,0.0,0.0,0.0,0.0,0.0,0.0,No,0.0,2.0,0.0,2.0,0.0,0.0,MELB_URBAN,MELB_URBAN,CASEY,METROPOLITAN SOUTH EAST REGION,Local Road,Local Road,Undivided,Undivided,Metro
40917,40918,T20170009257,ABS to receive accident,Finished,2017/05/10,18:14:00,Yes,Collision with vehicle,Tuesday,REAR END(VEHICLES IN SAME LANE),No,Dark Street lights on,Yes,Not at intersection,Other injury accident,80 km/hr,No,145.26352361,-38.11054894,CASEY,METROPOLITAN SOUTH EAST REGION,6.0,0.0,0.0,4.0,2.0,2.0,4.0,0.0,2.0,4.0,0.0,0.0,0.0,0.0,0.0,0.0,0.0,0.0,0.0,No,0.0,4.0,0.0,4.0,0.0,0.0,MELB_URBAN,MELB_URBAN,CASEY,METROPOLITAN SOUTH EAST REGION,Arterial Other,Arterial Other,Divided,Divided,Metro
41009,41010,T20170014748,ABS to receive accident,Finished,2017/07/27,08:00:00,No,Collision with vehicle,Thursday,OTHER ADJACENT (INTERSECTIONS ONLY),No,Day,No,T intersection,Other injury accident,50 km/hr,No,145.33126881,-38.11924563,CASEY,METROPOLITAN SOUTH EAST REGION,2.0,0.0,0.0,1.0,1.0,0.0,2.0,0.0,0.0,2.0,0.0,0.0,0.0,0.0,0.0,0.0,0.0,0.0,0.0,No,0.0,2.0,0.0,2.0,0.0,0.0,MELB_URBAN,"MELB_URBAN,SMALL_TOWNS",CASEY,METROPOLITAN SOUTH EAST REGION,Local Road,Local Road,Undivided,Undivided,Metro
41067,41068,T20170015582,ABS to receive accident,Finished,2016/10/28,06:40:00,No,Collision with vehicle,Thursday,REAR END(VEHICLES IN SAME LANE),No,Dusk/Dawn,No,Not at intersection,Other injury accident,100 km/hr,No,145.27390919,-38.00672382,CASEY,METROPOLITAN SOUTH EAST REGION,4.0,0.0,0.0,1.0,3.0,2.0,2.0,0.0,0.0,4.0,0.0,0.0,0.0,0.0,0.0,0.0,0.0,0.0,0.0,No,0.0,4.0,0.0,4.0,0.0,0.0,MELB_URBAN,MELB_URBAN,CASEY,METROPOLITAN SOUTH EAST REGION,Arterial Highway,Arterial Highway,Divided,Divided,Metro
41072,41073,T20170008644,ABS to receive accident,Finished,2017/04/21,16:00:00,Yes,Collision with vehicle,Friday,REAR END(VEHICLES IN SAME LANE),No,Day,No,Cross intersection,Other injury accident,50 km/hr,No,145.28402843,-38.07890833,CASEY,METROPOLITAN SOUTH EAST REGION,2.0,0.0,0.0,1.0,1.0,1.0,1.0,0.0,0.0,2.0,0.0,0.0,0.0,0.0,0.0,0.0,0.0,0.0,1.0,No,0.0,2.0,0.0,2.0,0.0,0.0,MELB_URBAN,MELB_URBAN,CASEY,METROPOLITAN SOUTH EAST REGION,Local Road,Local Road,Undivided,Undivided,Metro
41088,41089,T20170008556,ABS to receive accident,Finished,2017/04/08,10:30:00,No,Collision with vehicle,Saturday,LEFT NEAR (INTERSECTIONS ONLY),No,Day,No,T intersection,Other injury accident,80 km/hr,No,145.30476651,-38.03875863,CASEY,METROPOLITAN SOUTH EAST REGION,2.0,0.0,0.0,1.0,1.0,0.0,2.0,0.0,0.0,2.0,0.0,0.0,0.0,0.0,0.0,0.0,0.0,0.0,0.0,No,0.0,2.0,0.0,2.0,0.0,0.0,MELB_URBAN,MELB_URBAN,CASEY,METROPOLITAN SOUTH EAST REGION,Arterial Other,"Arterial Other,Local Road",Divided,"Divided,Undivided",Metro
41149,41150,T20170008836,ABS to receive accident,Finished,2017/05/04,15:40:00,No,Struck Pedestrian,Thursday,PED NEAR SIDE. PED HIT BY VEHICLE FROM THE RIGHT.,No,Day,Yes,T intersection,Serious injury accident,60 km/hr,No,145.28329458,-38.10794273,CASEY,METROPOLITAN SOUTH EAST REGION,2.0,0.0,1.0,0.0,1.0,2.0,0.0,0.0,0.0,1.0,1.0,0.0,0.0,0.0,0.0,1.0,0.0,1.0,0.0,No,0.0,1.0,0.0,1.0,0.0,0.0,MELB_URBAN,MELB_URBAN,CASEY,METROPOLITAN SOUTH EAST REGION,Arterial Highway,"Local Road,Arterial Highway",Divided,"Undivided,Divided",Metro
41205,41206,T20160023753,ABS to receive accident,Finished,2016/11/03,08:15:00,No,Collision with vehicle,Thursday,OTHER ADJACENT (INTERSECTIONS ONLY),No,Day,Yes,Cross intersection,Serious injury accident,60 km/hr,No,145.33863589,-38.05891767,CASEY,METROPOLITAN SOUTH EAST REGION,6.0,0.0,1.0,0.0,5.0,4.0,2.0,0.0,3.0,3.0,0.0,0.0,0.0,0.0,0.0,0.0,0.0,0.0,0.0,No,0.0,3.0,0.0,3.0,0.0,0.0,MELB_URBAN,MELB_URBAN,CASEY,METROPOLITAN SOUTH EAST REGION,Arterial Other,"Arterial Other,Local Road",Divided,"Divided,Undivided",Metro
41213,41214,T20170015144,ABS to receive accident,Finished,2017/08/05,17:55:00,Yes,Collision with vehicle,Saturday,REAR END(VEHICLES IN SAME LANE),No,Dark Street lights on,Yes,Not at intersection,Serious injury accident,100 km/hr,No,145.23988775,-38.07601221,CASEY,METROPOLITAN SOUTH EAST REGION,2.0,0.0,2.0,0.0,0.0,1.0,1.0,0.0,0.0,2.0,0.0,0.0,0.0,0.0,0.0,0.0,0.0,0.0,0.0,No,0.0,2.0,0.0,2.0,0.0,0.0,MELB_URBAN,MELB_URBAN,CASEY,METROPOLITAN SOUTH EAST REGION,Arterial Highway,Arterial Highway,Divided,Divided,Metro
41251,41252,T20170009907,ABS to receive accident,Finished,2017/05/20,22:26:00,Yes,Collision with vehicle,Saturday,REAR END(VEHICLES IN SAME LANE),No,Dark Street lights on,Yes,Not at intersection,Other injury accident,80 km/hr,No,145.33911539,-38.05493858,CASEY,METROPOLITAN SOUTH EAST REGION,5.0,0.0,0.0,4.0,1.0,2.0,2.0,0.0,3.0,2.0,0.0,0.0,0.0,0.0,0.0,0.0,0.0,0.0,1.0,No,0.0,2.0,0.0,2.0,0.0,0.0,MELB_URBAN,MELB_URBAN,CASEY,METROPOLITAN SOUTH EAST REGION,Arterial Other,Arterial Other,Divided,Divided,Metro
41310,41311,T20170016204,ABS to receive accident,Finished,2017/08/21,18:50:00,Yes,Collision with vehicle,Monday,RIGHT NEAR (INTERSECTIONS ONLY),No,Dark Street lights on,Yes,T intersection,Other injury accident,80 km/hr,No,145.30416874,-38.0415306,CASEY,METROPOLITAN SOUTH EAST REGION,3.0,0.0,0.0,3.0,0.0,1.0,2.0,0.0,1.0,2.0,0.0,0.0,0.0,0.0,0.0,0.0,0.0,0.0,0.0,No,0.0,2.0,0.0,2.0,0.0,0.0,MELB_URBAN,MELB_URBAN,CASEY,METROPOLITAN SOUTH EAST REGION,Arterial Other,"Arterial Other,Local Road",Divided,"Divided,Undivided",Metro
41323,41324,T20170015437,ABS to receive accident,Finished,2017/08/09,19:18:00,Yes,Collision with vehicle,Wednesday,VEHICLE STRIKES ANOTHER VEH WHILE EMERGING FROM DRIVEWAY,No,Dark Street lights on,Yes,T intersection,Fatal accident,100 km/hr,No,145.30704328,-38.14084014,CASEY,METROPOLITAN SOUTH EAST REGION,3.0,2.0,1.0,0.0,0.0,1.0,2.0,0.0,1.0,2.0,0.0,0.0,0.0,0.0,0.0,0.0,0.0,0.0,0.0,Yes,1.0,2.0,0.0,2.0,0.0,0.0,MELB_URBAN,MELB_URBAN,CASEY,METROPOLITAN SOUTH EAST REGION,Arterial Highway,"Local Road,Arterial Highway",Divided,"Divided,Undivided",Metro
41331,41332,T20170009136,ABS to receive accident,Finished,2017/05/09,06:45:00,No,Vehicle overturned (no collision),Tuesday,OUT OF CONTROL ON CARRIAGEWAY (ON STRAIGHT),No,Day,Yes,Not at intersection,Other injury accident,50 km/hr,No,145.30953166,-38.06737686,CASEY,METROPOLITAN SOUTH EAST REGION,1.0,0.0,0.0,1.0,0.0,1.0,0.0,0.0,0.0,0.0,0.0,0.0,1.0,0.0,0.0,0.0,0.0,0.0,0.0,No,0.0,1.0,0.0,0.0,1.0,0.0,MELB_URBAN,MELB_URBAN,CASEY,METROPOLITAN SOUTH EAST REGION,Local Road,Local Road,Undivided,Undivided,Metro
41356,41357,T20170008948,ABS to receive accident,Finished,2017/05/06,07:45:00,Yes,Collision with vehicle,Saturday,REAR END(VEHICLES IN SAME LANE),No,Day,Yes,Not at intersection,Other injury accident,80 km/hr,No,145.25272324,-38.00324364,CASEY,METROPOLITAN SOUTH EAST REGION,6.0,0.0,0.0,1.0,5.0,4.0,2.0,0.0,3.0,3.0,0.0,0.0,0.0,0.0,0.0,0.0,0.0,0.0,1.0,No,0.0,3.0,0.0,3.0,0.0,0.0,MELB_URBAN,MELB_URBAN,CASEY,METROPOLITAN SOUTH EAST REGION,Freeway,Freeway,Undivided,Undivided,Metro
41399,41400,T20170009011,ABS to receive accident,Finished,2017/05/06,20:09:00,Yes,Struck Pedestrian,Saturday,PED NEAR SIDE. PED HIT BY VEHICLE FROM THE RIGHT.,No,Dark Street lights on,Yes,Not at intersection,Serious injury accident,50 km/hr,No,145.30003832,-38.01665522,CASEY,METROPOLITAN SOUTH EAST REGION,2.0,0.0,1.0,0.0,1.0,2.0,0.0,0.0,0.0,1.0,1.0,0.0,0.0,0.0,0.0,0.0,0.0,0.0,0.0,No,0.0,1.0,0.0,1.0,0.0,0.0,MELB_URBAN,MELB_URBAN,CASEY,METROPOLITAN SOUTH EAST REGION,Local Road,Local Road,Divided,Divided,Metro
41429,41430,T20170010357,ABS to receive accident,Finished,2017/05/26,16:10:00,Yes,Collision with vehicle,Friday,RIGHT/LEFT FAR (INTERSECTIONS ONLY),No,Dusk/Dawn,Yes,T intersection,Other injury accident,50 km/hr,No,145.29352713,-38.06737105,CASEY,METROPOLITAN SOUTH EAST REGION,5.0,0.0,0.0,1.0,4.0,4.0,1.0,0.0,0.0,2.0,0.0,0.0,0.0,3.0,0.0,0.0,0.0,0.0,2.0,No,0.0,2.0,0.0,2.0,0.0,0.0,MELB_URBAN,MELB_URBAN,CASEY,METROPOLITAN SOUTH EAST REGION,Local Road,Local Road,Undivided,Undivided,Metro
41485,41486,T20170006302,ABS to receive accident,Finished,2017/03/28,16:00:00,No,Collision with vehicle,Tuesday,LEFT NEAR (INTERSECTIONS ONLY),No,Day,Yes,T intersection,Other injury accident,50 km/hr,No,145.27588963,-38.00175614,CASEY,METROPOLITAN SOUTH EAST REGION,6.0,0.0,0.0,1.0,5.0,4.0,2.0,0.0,4.0,2.0,0.0,0.0,0.0,0.0,0.0,0.0,0.0,0.0,0.0,No,0.0,2.0,0.0,1.0,0.0,1.0,MELB_URBAN,MELB_URBAN,CASEY,METROPOLITAN SOUTH EAST REGION,Local Road,Local Road,Undivided,Undivided,Metro
41495,41496,T20170009528,ABS to receive accident,Finished,2017/05/15,12:40:00,No,Collision with vehicle,Monday,REAR END(VEHICLES IN SAME LANE),No,Day,Yes,Not at intersection,Other injury accident,80 km/hr,No,145.28974663,-38.01398732,CASEY,METROPOLITAN SOUTH EAST REGION,4.0,0.0,0.0,1.0,3.0,2.0,2.0,0.0,1.0,3.0,0.0,0.0,0.0,0.0,0.0,0.0,0.0,1.0,2.0,No,0.0,3.0,0.0,3.0,0.0,0.0,MELB_URBAN,MELB_URBAN,CASEY,METROPOLITAN SOUTH EAST REGION,Arterial Highway,Arterial Highway,Divided,Divided,Metro
41496,41497,T20170009538,ABS to receive accident,Finished,2017/05/15,14:50:00,No,Collision with vehicle,Monday,RIGHT NEAR (INTERSECTIONS ONLY),No,Day,Yes,Cross intersection,Other injury accident,80 km/hr,No,145.27062364,-37.97636782,CASEY,METROPOLITAN SOUTH EAST REGION,2.0,0.0,0.0,1.0,1.0,2.0,0.0,0.0,0.0,2.0,0.0,0.0,0.0,0.0,0.0,0.0,0.0,0.0,1.0,No,0.0,2.0,0.0,2.0,0.0,0.0,MELB_URBAN,MELB_URBAN,CASEY,METROPOLITAN SOUTH EAST REGION,Arterial Other,"Arterial Other,Local Road",Divided,"Divided,Undivided",Metro
41531,41532,T20170010417,ABS to receive accident,Finished,2017/05/28,13:25:00,No,Collision with vehicle,Sunday,REAR END(VEHICLES IN SAME LANE),No,Day,No,Not at intersection,Other injury accident,80 km/hr,No,145.25576402,-38.04791427,CASEY,METROPOLITAN SOUTH EAST REGION,4.0,0.0,0.0,1.0,3.0,3.0,1.0,0.0,1.0,3.0,0.0,0.0,0.0,0.0,0.0,0.0,0.0,0.0,1.0,No,0.0,3.0,0.0,3.0,0.0,0.0,MELB_URBAN,MELB_URBAN,CASEY,METROPOLITAN SOUTH EAST REGION,Arterial Highway,Arterial Highway,Divided,Divided,Metro
41547,41548,T20170009303,ABS to receive accident,Finished,2017/05/11,15:50:00,No,Collision with vehicle,Thursday,VEHICLE OFF FOOTPATH STRIKES VEH ON CARRIAGEWAY,No,Day,Yes,Cross intersection,Other injury accident,60 km/hr,No,145.26749445,-38.03559538,CASEY,METROPOLITAN SOUTH EAST REGION,2.0,0.0,0.0,1.0,1.0,2.0,0.0,1.0,0.0,1.0,0.0,0.0,0.0,0.0,1.0,0.0,0.0,0.0,1.0,No,0.0,2.0,0.0,1.0,0.0,0.0,MELB_URBAN,MELB_URBAN,CASEY,METROPOLITAN SOUTH EAST REGION,Arterial Other,"Arterial Other,Local Road",Divided,"Divided,Undivided",Metro