,OBJECTID,ACCIDENT_NO,ABS_CODE,ACCIDENT_STATUS,ACCIDENT_DATE,ACCIDENT_TIME,ALCOHOLTIME,ACCIDENT_TYPE,DAY_OF_WEEK,DCA_CODE,HIT_RUN_FLAG,LIGHT_CONDITION,POLICE_ATTEND,ROAD_GEOMETRY,SEVERITY,SPEED_ZONE,RUN_OFFROAD,LONGITUDE,LATITUDE,LGA_NAME,REGION_NAME,TOTAL_PERSONS,FATALITY,SERIOUSINJURY,OTHERINJURY,NONINJURED,MALES,FEMALES,BICYCLIST,PASSENGER,DRIVER,PEDESTRIAN,PILLION,MOTORIST,UNKNOWN,PED_CYCLIST_5_12,PED_CYCLIST_13_18,OLD_PEDESTRIAN,OLD_DRIVER,YOUNG_DRIVER,ALCOHOL_RELATED,UNLICENCSED,NO_OF_VEHICLES,HEAVYVEHICLE,PASSENGERVEHICLE,MOTORCYCLE,PUBLICVEHICLE,DEG_URBAN_NAME,DEG_URBAN_ALL,LGA_NAME_ALL,REGION_NAME_ALL,RMA,RMA_ALL,DIVIDED,DIVIDED_ALL,STAT_DIV_NAME
62238,62239,T20190012461,ABS to receive accident,Finished,2019/06/24,17:00:00,Yes,Struck Pedestrian,Sunday,FAR SIDE. PED HIT BY VEHICLE FROM THE LEFT,No,Unk.,No,Not at intersection,Other injury accident,50 km/hr,No,145.26563086,-38.10233851,CASEY,METROPOLITAN SOUTH EAST REGION,2.0,0.0,0.0,1.0,1.0,1.0,0.0,0.0,0.0,0.0,1.0,0.0,0.0,1.0,1.0,0.0,0.0,0.0,0.0,No,0.0,1.0,0.0,0.0,0.0,0.0,MELB_URBAN,MELB_URBAN,CASEY,METROPOLITAN SOUTH EAST REGION,Local Road,Local Road,Undivided,Undivided,Metro
62256,62257,T20180022386,ABS to receive accident,Finished,2018/11/29,09:35:00,No,Collision with vehicle,Wednesday,VEHICLE COLLIDES WITH VEHICLE PARKED ON LEFT OF ROAD,No,Day,Yes,Not at intersection,Other injury accident,50 km/hr,No,145.30455828,-38.00555918,CASEY,METROPOLITAN SOUTH EAST REGION,2.0,0.0,0.0,1.0,1.0,0.0,2.0,0.0,0.0,2.0,0.0,0.0,0.0,0.0,0.0,0.0,0.0,0.0,0.0,No,0.0,2.0,0.0,2.0,0.0,0.0,MELB_URBAN,MELB_URBAN,CASEY,METROPOLITAN SOUTH EAST REGION,Local Road,Local Road,Undivided,Undivided,Metro
62295,62296,T20190008311,ABS to receive accident,Finished,2019/05/03,12:40:00,No,Collision with vehicle,Friday,CUTTING IN (OVERTAKING),Yes,Day,Yes,Not at intersection,Other injury accident,80 km/hr,No,145.27804829,-37.9814758,CASEY,METROPOLITAN SOUTH EAST REGION,2.0,0.0,0.0,1.0,1.0,1.0,1.0,0.0,0.0,1.0,0.0,0.0,1.0,0.0,0.0,0.0,0.0,1.0,0.0,No,0.0,2.0,0.0,1.0,1.0,0.0,MELB_URBAN,MELB_URBAN,CASEY,METROPOLITAN SOUTH EAST REGION,Arterial Other,Arterial Other,Divided,Divided,Metro
62337,62338,T20190008364,ABS to receive accident,Finished,2019/05/03,19:56:00,Yes,Collision with vehicle,Friday,REAR END(VEHICLES IN SAME LANE),No,Dark Street lights on,Yes,Not at intersection,Other injury accident,100 km/hr,No,145.24896218,-37.98569472,CASEY,METROPOLITAN SOUTH EAST REGION,3.0,0.0,0.0,2.0,1.0,2.0,1.0,0.0,0.0,3.0,0.0,0.0,0.0,0.0,0.0,0.0,0.0,0.0,1.0,No,0.0,3.0,0.0,3.0,0.0,0.0,MELB_URBAN,MELB_URBAN,CASEY,METROPOLITAN SOUTH EAST REGION,Freeway,Freeway,Divided,Divided,Metro
62360,62361,T20180009704,ABS to receive accident,Finished,2018/05/23,06:10:00,No,Collision with vehicle,Wednesday,CROSS TRAFFIC(INTERSECTIONS ONLY),No,Dark Street lights on,Yes,Cross intersection,Other injury accident,80 km/hr,No,145.25239927,-38.10937195,CASEY,METROPOLITAN SOUTH EAST REGION,2.0,0.0,0.0,1.0,1.0,1.0,1.0,0.0,0.0,2.0,0.0,0.0,0.0,0.0,0.0,0.0,0.0,0.0,0.0,No,0.0,2.0,0.0,2.0,0.0,0.0,MELB_URBAN,MELB_URBAN,CASEY,METROPOLITAN SOUTH EAST REGION,Arterial Other,"Local Road,Arterial Other",Undivided,Undivided,Metro
62399,62400,T20180022758,ABS to receive accident,Finished,2018/12/04,18:20:00,Yes,Collision with vehicle,Tuesday,RIGHT THROUGH,No,Day,Yes,T intersection,Serious injury accident,60 km/hr,No,145.32552838,-38.10336611,CASEY,METROPOLITAN SOUTH EAST REGION,2.0,0.0,1.0,0.0,1.0,1.0,1.0,0.0,0.0,2.0,0.0,0.0,0.0,0.0,0.0,0.0,0.0,0.0,2.0,No,0.0,2.0,0.0,2.0,0.0,0.0,MELB_URBAN,MELB_URBAN,CASEY,METROPOLITAN SOUTH EAST REGION,Local Road,Local Road,Divided,"Undivided,Divided",Metro
62409,62410,T20180009725,ABS to receive accident,Finished,2018/03/28,13:10:00,No,Collision with vehicle,Wednesday,RIGHT THROUGH,No,Day,Yes,T intersection,Other injury accident,80 km/hr,No,145.28249565,-38.10176149,CASEY,METROPOLITAN SOUTH EAST REGION,4.0,0.0,0.0,1.0,3.0,2.0,2.0,0.0,1.0,3.0,0.0,0.0,0.0,0.0,0.0,0.0,0.0,0.0,0.0,No,0.0,3.0,0.0,3.0,0.0,0.0,MELB_URBAN,MELB_URBAN,CASEY,METROPOLITAN SOUTH EAST REGION,Arterial Highway,"Local Road,Arterial Highway",Divided,"Divided,Undivided",Metro
62415,62416,T20180024110,ABS to receive accident,Finished,2018/12/23,10:40:00,No,Collision with vehicle,Sunday,RIGHT NEAR (INTERSECTIONS ONLY),No,Day,Yes,T intersection,Serious injury accident,50 km/hr,No,145.25780397,-38.00332985,CASEY,METROPOLITAN SOUTH EAST REGION,2.0,0.0,1.0,0.0,1.0,0.0,2.0,0.0,0.0,2.0,0.0,0.0,0.0,0.0,0.0,0.0,0.0,1.0,0.0,No,0.0,2.0,0.0,2.0,0.0,0.0,MELB_URBAN,MELB_URBAN,CASEY,METROPOLITAN SOUTH EAST REGION,Local Road,Local Road,Undivided,Undivided,Metro
62442,62443,T20180021764,ABS to receive accident,Finished,2018/11/20,17:00:00,No,Collision with vehicle,Tuesday,U TURN,No,Day,Yes,Not at intersection,Serious injury accident,100 km/hr,No,145.30042026,-38.20193158,CASEY,METROPOLITAN SOUTH EAST REGION,2.0,0.0,1.0,1.0,0.0,2.0,0.0,0.0,0.0,2.0,0.0,0.0,0.0,0.0,0.0,0.0,0.0,1.0,0.0,No,0.0,2.0,0.0,1.0,0.0,0.0,RURAL_VICTORIA,RURAL_VICTORIA,CASEY,METROPOLITAN SOUTH EAST REGION,Arterial Other,Arterial Other,Undivided,Undivided,Metro
62478,62479,T20180009764,ABS to receive accident,Finished,2018/05/21,16:50:00,No,Collision with a fixed object,Monday,LEFT OFF CARRIAGEWAY INTO OBJECT/PARKED VEHICLE,Not known,Day,Yes,Not at intersection,Other injury accident,100 km/hr,Yes,145.24030252,-37.97718594,CASEY,METROPOLITAN SOUTH EAST REGION,1.0,0.0,0.0,1.0,0.0,1.0,0.0,0.0,0.0,1.0,0.0,0.0,0.0,0.0,0.0,0.0,0.0,0.0,0.0,No,0.0,1.0,0.0,1.0,0.0,0.0,MELB_URBAN,MELB_URBAN,CASEY,METROPOLITAN SOUTH EAST REGION,Freeway,Freeway,Divided,Divided,Metro
62491,62492,T20190001631,ABS to receive accident,Finished,2019/01/27,16:35:00,No,Collision with vehicle,Sunday,RIGHT NEAR (INTERSECTIONS ONLY),No,Day,Yes,Cross intersection,Other injury accident,80 km/hr,No,145.25278473,-38.00361299,CASEY,METROPOLITAN SOUTH EAST REGION,8.0,0.0,0.0,1.0,7.0,2.0,6.0,0.0,6.0,2.0,0.0,0.0,0.0,0.0,0.0,0.0,0.0,0.0,0.0,No,0.0,2.0,0.0,2.0,0.0,0.0,MELB_URBAN,MELB_URBAN,CASEY,METROPOLITAN SOUTH EAST REGION,Freeway,"Arterial Highway,Freeway",Divided,"Undivided,Divided",Metro
62506,62507,T20180022892,ABS to receive accident,Finished,2018/12/06,13:08:00,No,Collision with vehicle,Thursday,OTHER SAME DIRECTION-MANOUEVRES NOT INCLUDED IN DCAs 130-137,No,Day,Yes,Not at intersection,Serious injury accident,80 km/hr,No,145.36047083,-38.09260126,CASEY,METROPOLITAN SOUTH EAST REGION,2.0,0.0,1.0,0.0,1.0,2.0,0.0,0.0,0.0,2.0,0.0,0.0,0.0,0.0,0.0,0.0,0.0,0.0,1.0,No,0.0,2.0,1.0,0.0,0.0,0.0,MELB_URBAN,MELB_URBAN,CASEY,METROPOLITAN SOUTH EAST REGION,Local Road,Local Road,Undivided,Undivided,Metro
62532,62533,T20190023655,ABS to receive accident,Finished,2019/06/27,15:38:00,No,Collision with vehicle,Wednesday,LEFT REAR,No,Day,No,Cross intersection,Other injury accident,60 km/hr,No,145.24235349,-37.97292803,CASEY,METROPOLITAN SOUTH EAST REGION,4.0,0.0,0.0,1.0,3.0,1.0,1.0,0.0,2.0,2.0,0.0,0.0,0.0,0.0,0.0,0.0,0.0,0.0,0.0,No,0.0,2.0,0.0,2.0,0.0,0.0,MELB_URBAN,MELB_URBAN,CASEY,METROPOLITAN SOUTH EAST REGION,Arterial Other,"Arterial Other,Local Road",Divided,"Undivided,Divided",Metro
62533,62534,T20190024169,ABS to receive accident,Finished,2019/06/09,17:10:00,No,Collision with vehicle,Sunday,RIGHT THROUGH,No,Unk.,No,Cross intersection,Other injury accident,80 km/hr,No,145.27059008,-37.97650735,CASEY,METROPOLITAN SOUTH EAST REGION,6.0,0.0,0.0,3.0,3.0,3.0,3.0,0.0,4.0,2.0,0.0,0.0,0.0,0.0,0.0,0.0,0.0,0.0,0.0,No,0.0,2.0,0.0,2.0,0.0,0.0,MELB_URBAN,MELB_URBAN,CASEY,METROPOLITAN SOUTH EAST REGION,Arterial Other,"Arterial Other,Local Road",Divided,"Undivided,Divided",Metro
62560,62561,T20190001839,ABS to receive accident,Finished,2019/01/30,18:30:00,Yes,Collision with vehicle,Wednesday,CROSS TRAFFIC(INTERSECTIONS ONLY),No,Day,Yes,Cross intersection,Serious injury accident,80 km/hr,No,145.30513852,-38.0253557,CASEY,METROPOLITAN SOUTH EAST REGION,2.0,0.0,1.0,0.0,1.0,0.0,2.0,0.0,0.0,2.0,0.0,0.0,0.0,0.0,0.0,0.0,0.0,0.0,1.0,No,0.0,2.0,0.0,2.0,0.0,0.0,MELB_URBAN,MELB_URBAN,CASEY,METROPOLITAN SOUTH EAST REGION,Arterial Highway,"Local Road,Arterial Highway",Divided,Divided,Metro
62597,62598,T20180021991,ABS to receive accident,Finished,2018/11/23,13:30:00,No,Collision with vehicle,Friday,REAR END(VEHICLES IN SAME LANE),No,Day,Yes,Not at intersection,Serious injury accident,80 km/hr,No,145.25813473,-38.05147277,CASEY,METROPOLITAN SOUTH EAST REGION,2.0,0.0,1.0,0.0,1.0,1.0,1.0,0.0,0.0,2.0,0.0,0.0,0.0,0.0,0.0,0.0,0.0,0.0,0.0,No,0.0,2.0,0.0,1.0,0.0,0.0,MELB_URBAN,MELB_URBAN,CASEY,METROPOLITAN SOUTH EAST REGION,Arterial Highway,Arterial Highway,Divided,Divided,Metro
62621,62622,T20190009011,ABS to receive accident,Finished,2019/05/13,15:15:00,No,Collision with a fixed object,Monday,LEFT OFF CARRIAGEWAY INTO OBJECT/PARKED VEHICLE,No,Day,Yes,Cross intersection,Serious injury accident,50 km/hr,Yes,145.23919323,-37.98754566,CASEY,METROPOLITAN SOUTH EAST REGION,2.0,0.0,2.0,0.0,0.0,1.0,1.0,0.0,1.0,1.0,0.0,0.0,0.0,0.0,0.0,0.0,0.0,1.0,0.0,No,0.0,1.0,0.0,1.0,0.0,0.0,MELB_URBAN,MELB_URBAN,CASEY,METROPOLITAN SOUTH EAST REGION,Local Road,Local Road,Undivided,Undivided,Metro
62625,62626,T20180022180,ABS to receive accident,Finished,2018/11/26,12:45:00,No,Collision with a fixed object,Monday,RIGHT OFF CARRIAGEWAY INTO OBJECT/PARKED VEHICLE,No,Day,Yes,Not at intersection,Serious injury accident,80 km/hr,Yes,145.33839027,-38.05960664,CASEY,METROPOLITAN SOUTH EAST REGION,1.0,0.0,1.0,0.0,0.0,0.0,1.0,0.0,0.0,1.0,0.0,0.0,0.0,0.0,0.0,0.0,0.0,0.0,0.0,No,0.0,1.0,0.0,1.0,0.0,0.0,MELB_URBAN,MELB_URBAN,CASEY,METROPOLITAN SOUTH EAST REGION,Arterial Other,Arterial Other,Divided,Divided,Metro
62628,62629,T20190000063,ABS to receive accident,Finished,2019/01/01,04:50:00,Yes,Collision with a fixed object,Monday,LEFT OFF CARRIAGEWAY INTO OBJECT/PARKED VEHICLE,No,Dark Street lights on,Yes,Cross intersection,Serious injury accident,80 km/hr,Yes,145.27622463,-38.0820776,CASEY,METROPOLITAN SOUTH EAST REGION,1.0,0.0,1.0,0.0,0.0,1.0,0.0,0.0,0.0,1.0,0.0,0.0,0.0,0.0,0.0,0.0,0.0,0.0,0.0,No,0.0,1.0,0.0,1.0,0.0,0.0,MELB_URBAN,MELB_URBAN,CASEY,METROPOLITAN SOUTH EAST REGION,Arterial Highway,"Arterial Other,Arterial Highway",Divided,Divided,Metro
62712,62713,T20180022226,ABS to receive accident,Finished,2018/11/09,09:10:00,No,Collision with vehicle,Friday,REAR END(VEHICLES IN SAME LANE),No,Day,Yes,Not at intersection,Other injury accident,80 km/hr,No,145.27727771,-38.00801658,CASEY,METROPOLITAN SOUTH EAST REGION,4.0,0.0,0.0,1.0,3.0,2.0,2.0,0.0,0.0,4.0,0.0,0.0,0.0,0.0,0.0,0.0,0.0,0.0,1.0,No,0.0,4.0,0.0,4.0,0.0,0.0,MELB_URBAN,MELB_URBAN,CASEY,METROPOLITAN SOUTH EAST REGION,Arterial Highway,Arterial Highway,Undivided,Undivided,Metro
62728,62729,T20180023458,ABS to receive accident,Finished,2018/12/13,12:32:00,No,Collision with vehicle,Wednesday,HEAD ON (NOT OVERTAKING),Yes,Day,Yes,Not at intersection,Other injury accident,80 km/hr,No,145.28013215,-38.09049948,CASEY,METROPOLITAN SOUTH EAST REGION,5.0,0.0,0.0,2.0,3.0,2.0,2.0,0.0,1.0,4.0,0.0,0.0,0.0,0.0,0.0,0.0,0.0,0.0,1.0,No,1.0,4.0,0.0,4.0,0.0,0.0,MELB_URBAN,MELB_URBAN,CASEY,METROPOLITAN SOUTH EAST REGION,Arterial Highway,Arterial Highway,Divided,Divided,Metro
62732,62733,T20190000471,ABS to receive accident,Finished,2019/01/09,11:20:00,No,Collision with vehicle,Tuesday,REAR END(VEHICLES IN SAME LANE),No,Day,Yes,Not at intersection,Other injury accident,100 km/hr,No,145.26122942,-37.99375102,CASEY,METROPOLITAN SOUTH EAST REGION,2.0,0.0,0.0,1.0,1.0,1.0,1.0,0.0,0.0,2.0,0.0,0.0,0.0,0.0,0.0,0.0,0.0,0.0,1.0,No,0.0,2.0,0.0,2.0,0.0,0.0,MELB_URBAN,MELB_URBAN,CASEY,METROPOLITAN SOUTH EAST REGION,Freeway,Freeway,Divided,Divided,Metro
62743,62744,T20190002023,ABS to receive accident,Finished,2019/02/02,11:21:00,No,Collision with vehicle,Saturday,RIGHT FAR (INTERSECTIONS ONLY),No,Day,Yes,T intersection,Serious injury accident,80 km/hr,No,145.33225477,-38.0296286,CASEY,METROPOLITAN SOUTH EAST REGION,2.0,0.0,1.0,0.0,1.0,1.0,1.0,0.0,0.0,1.0,0.0,0.0,1.0,0.0,0.0,0.0,0.0,0.0,0.0,No,0.0,2.0,0.0,1.0,1.0,0.0,MELB_URBAN,MELB_URBAN,CASEY,METROPOLITAN SOUTH EAST REGION,Arterial Other,"Arterial Other,Local Road",Divided,"Divided,Undivided",Metro
62769,62770,T20180023472,ABS to receive accident,Finished,2018/12/07,16:30:00,Yes,Collision with vehicle,Friday,RIGHT THROUGH,No,Day,No,Not at intersection,Other injury accident,Not known,No,145.34133468,-38.03133554,CASEY,METROPOLITAN SOUTH EAST REGION,3.0,0.0,0.0,1.0,2.0,3.0,0.0,0.0,1.0,2.0,0.0,0.0,0.0,0.0,0.0,0.0,0.0,0.0,0.0,No,1.0,2.0,0.0,2.0,0.0,0.0,MELB_URBAN,MELB_URBAN,CASEY,METROPOLITAN SOUTH EAST REGION,Arterial Other,Arterial Other,Undivided,Undivided,Metro
62852,62853,T20180022631,ABS to receive accident,Finished,2018/12/01,19:20:00,Yes,Collision with vehicle,Saturday,RIGHT THROUGH,No,Day,Yes,Cross intersection,Serious injury accident,60 km/hr,No,145.33841446,-38.05995816,CASEY,METROPOLITAN SOUTH EAST REGION,2.0,0.0,2.0,0.0,0.0,0.0,2.0,0.0,0.0,2.0,0.0,0.0,0.0,0.0,0.0,0.0,0.0,0.0,0.0,No,0.0,2.0,0.0,2.0,0.0,0.0,MELB_URBAN,MELB_URBAN,CASEY,METROPOLITAN SOUTH EAST REGION,Arterial Other,"Arterial Other,Local Road",Divided,"Divided,Undivided",Metro
62855,62856,T20180010778,ABS to receive accident,Finished,2018/04/20,08:50:00,No,Collision with vehicle,Friday,LEFT NEAR (INTERSECTIONS ONLY),No,Day,No,Cross intersection,Serious injury accident,80 km/hr,No,145.28807312,-38.01345979,CASEY,METROPOLITAN SOUTH EAST REGION,2.0,0.0,1.0,0.0,1.0,1.0,1.0,0.0,0.0,2.0,0.0,0.0,0.0,0.0,0.0,0.0,0.0,0.0,0.0,No,0.0,2.0,0.0,2.0,0.0,0.0,MELB_URBAN,MELB_URBAN,CASEY,METROPOLITAN SOUTH EAST REGION,Arterial Highway,Arterial Highway,Divided,Divided,Metro
62864,62865,T20190000813,ABS to receive accident,Finished,2019/01/11,11:20:00,No,Collision with vehicle,Thursday,HEAD ON (NOT OVERTAKING),No,Day,Yes,T intersection,Serious injury accident,50 km/hr,No,145.29049573,-38.14427412,CASEY,METROPOLITAN SOUTH EAST REGION,2.0,0.0,1.0,0.0,1.0,1.0,1.0,0.0,0.0,2.0,0.0,0.0,0.0,0.0,0.0,0.0,0.0,0.0,0.0,No,0.0,2.0,0.0,1.0,0.0,0.0,MELB_URBAN,MELB_URBAN,CASEY,METROPOLITAN SOUTH EAST REGION,Local Road,Local Road,Undivided,Undivided,Metro
62877,62878,T20190009410,ABS to receive accident,Finished,2019/05/19,16:40:00,Yes,Collision with a fixed object,Sunday,LEFT OFF CARRIAGEWAY INTO OBJECT/PARKED VEHICLE,No,Day,Yes,Not at intersection,Serious injury accident,100 km/hr,Yes,145.24837933,-38.02045698,CASEY,METROPOLITAN SOUTH EAST REGION,5.0,0.0,1.0,2.0,2.0,4.0,1.0,0.0,4.0,1.0,0.0,0.0,0.0,0.0,0.0,0.0,0.0,0.0,0.0,No,0.0,1.0,0.0,1.0,0.0,0.0,MELB_URBAN,MELB_URBAN,CASEY,METROPOLITAN SOUTH EAST REGION,Freeway,Freeway,Divided,Divided,Metro
62889,62890,T20180010841,ABS to receive accident,Finished,2018/06/05,14:45:00,No,Collision with vehicle,Tuesday,LANE CHANGE LEFT (NOT OVERTAKING),No,Day,No,Cross intersection,Other injury accident,80 km/hr,No,145.22804615,-38.13389266,CASEY,METROPOLITAN SOUTH EAST REGION,2.0,0.0,0.0,1.0,1.0,1.0,1.0,0.0,0.0,2.0,0.0,0.0,0.0,0.0,0.0,0.0,0.0,0.0,0.0,No,0.0,2.0,0.0,2.0,0.0,0.0,MELB_URBAN,MELB_URBAN,CASEY,METROPOLITAN SOUTH EAST REGION,Arterial Highway,"Arterial Other,Arterial Highway",Divided,"Divided,Undivided",Metro
62891,62892,T20180010860,ABS to receive accident,Finished,2018/06/09,13:35:00,No,Collision with vehicle,Saturday,RIGHT THROUGH,No,Day,Yes,Not at intersection,Other injury accident,80 km/hr,No,145.27758238,-38.08433081,CASEY,METROPOLITAN SOUTH EAST REGION,3.0,0.0,0.0,1.0,2.0,3.0,0.0,0.0,1.0,2.0,0.0,0.0,0.0,0.0,0.0,0.0,0.0,0.0,1.0,No,0.0,2.0,0.0,2.0,0.0,0.0,MELB_URBAN,MELB_URBAN,CASEY,METROPOLITAN SOUTH EAST REGION,Arterial Highway,Arterial Highway,Divided,Divided,Metro
62935,62936,T20190000939,ABS to receive accident,Finished,2019/01/16,18:40:00,Yes,Collision with vehicle,Tuesday,CROSS TRAFFIC(INTERSECTIONS ONLY),No,Day,Yes,Cross intersection,Other injury accident,80 km/hr,No,145.2831941,-38.0832831,CASEY,METROPOLITAN SOUTH EAST REGION,3.0,0.0,0.0,3.0,0.0,1.0,2.0,0.0,1.0,2.0,0.0,0.0,0.0,0.0,0.0,0.0,0.0,0.0,0.0,No,0.0,2.0,0.0,2.0,0.0,0.0,MELB_URBAN,MELB_URBAN,CASEY,METROPOLITAN SOUTH EAST REGION,Arterial Other,"Arterial Other,Local Road",Divided,"Divided,Undivided",Metro
62969,62970,T20190000953,ABS to receive accident,Finished,2019/01/16,20:50:00,Yes,Collision with vehicle,Tuesday,HEAD ON (NOT OVERTAKING),Yes,Dark Street lights on,Yes,Not at intersection,Other injury accident,70 km/hr,No,145.31407323,-38.0567775,CASEY,METROPOLITAN SOUTH EAST REGION,4.0,0.0,0.0,2.0,2.0,3.0,0.0,0.0,2.0,2.0,0.0,0.0,0.0,0.0,0.0,0.0,0.0,0.0,0.0,No,0.0,2.0,0.0,2.0,0.0,0.0,MELB_URBAN,MELB_URBAN,CASEY,METROPOLITAN SOUTH EAST REGION,Local Road,Local Road,Undivided,Undivided,Metro
63013,63014,T20190001035,ABS to receive accident,Finished,2019/01/18,09:20:00,No,Collision with vehicle,Friday,REAR END(VEHICLES IN SAME LANE),No,Day,Yes,Cross intersection,Serious injury accident,80 km/hr,No,145.33715456,-38.11991538,CASEY,METROPOLITAN SOUTH EAST REGION,2.0,0.0,1.0,1.0,0.0,2.0,0.0,0.0,0.0,2.0,0.0,0.0,0.0,0.0,0.0,0.0,0.0,0.0,1.0,No,0.0,2.0,0.0,2.0,0.0,0.0,MELB_URBAN,"MELB_URBAN,SMALL_TOWNS",CASEY,METROPOLITAN SOUTH EAST REGION,Local Road,Local Road,Undivided,Undivided,Metro
63024,63025,T20190002960,ABS to receive accident,Finished,2019/02/15,21:00:00,Yes,Collision with a fixed object,Friday,PERMANENT OBSTRUCTION ON CARRIAGEWAY,No,Dark Street lights on,Yes,Not at intersection,Serious injury accident,60 km/hr,No,145.25014454,-38.07900559,CASEY,METROPOLITAN SOUTH EAST REGION,1.0,0.0,1.0,0.0,0.0,1.0,0.0,0.0,0.0,0.0,0.0,0.0,1.0,0.0,0.0,0.0,0.0,0.0,0.0,Yes,1.0,1.0,0.0,0.0,1.0,0.0,MELB_URBAN,MELB_URBAN,CASEY,METROPOLITAN SOUTH EAST REGION,Arterial Other,Arterial Other,Divided,Divided,Metro
63035,63036,T20190003059,ABS to receive accident,Finished,2019/02/17,12:05:00,No,Collision with vehicle,Sunday,HEAD ON (NOT OVERTAKING),No,Day,Yes,Not at intersection,Other injury accident,80 km/hr,No,145.28250385,-37.97801792,CASEY,METROPOLITAN SOUTH EAST REGION,2.0,0.0,0.0,2.0,0.0,2.0,0.0,0.0,0.0,2.0,0.0,0.0,0.0,0.0,0.0,0.0,0.0,0.0,0.0,No,0.0,2.0,0.0,2.0,0.0,0.0,MELB_URBAN,MELB_URBAN,CASEY,METROPOLITAN SOUTH EAST REGION,Arterial Other,Arterial Other,Undivided,Undivided,Metro
63038,63039,T20190009941,ABS to receive accident,Finished,2019/05/27,17:15:00,Yes,Collision with vehicle,Sunday,LANE CHANGE LEFT (NOT OVERTAKING),Yes,Dark Street lights on,No,Not at intersection,Other injury accident,100 km/hr,No,145.24837621,-37.98493459,CASEY,METROPOLITAN SOUTH EAST REGION,2.0,0.0,0.0,1.0,1.0,1.0,1.0,0.0,0.0,2.0,0.0,0.0,0.0,0.0,0.0,0.0,0.0,0.0,0.0,No,0.0,2.0,0.0,2.0,0.0,0.0,MELB_URBAN,MELB_URBAN,CASEY,METROPOLITAN SOUTH EAST REGION,Freeway,Freeway,Divided,Divided,Metro
63087,63088,T20180023130,ABS to receive accident,Finished,2018/12/09,21:54:00,Yes,Collision with vehicle,Sunday,CROSS TRAFFIC(INTERSECTIONS ONLY),No,Dark Street lights on,Yes,Cross intersection,Other injury accident,50 km/hr,No,145.25876883,-38.07692241,CASEY,METROPOLITAN SOUTH EAST REGION,2.0,0.0,0.0,1.0,1.0,1.0,1.0,0.0,0.0,2.0,0.0,0.0,0.0,0.0,0.0,0.0,0.0,0.0,1.0,No,0.0,2.0,0.0,2.0,0.0,0.0,MELB_URBAN,MELB_URBAN,CASEY,METROPOLITAN SOUTH EAST REGION,Local Road,Local Road,Undivided,Undivided,Metro
63150,63151,T20180023310,ABS to receive accident,Finished,2018/12/12,07:54:00,No,Collision with vehicle,Wednesday,REAR END(VEHICLES IN SAME LANE),No,Day,Yes,Not at intersection,Serious injury accident,60 km/hr,No,145.32279586,-38.08804448,CASEY,METROPOLITAN SOUTH EAST REGION,3.0,0.0,1.0,0.0,2.0,2.0,1.0,0.0,0.0,3.0,0.0,0.0,0.0,0.0,0.0,0.0,0.0,0.0,0.0,No,0.0,3.0,0.0,3.0,0.0,0.0,MELB_URBAN,MELB_URBAN,CASEY,METROPOLITAN SOUTH EAST REGION,Arterial Other,Arterial Other,Undivided,Undivided,Metro
63183,63184,T20190001407,ABS to receive accident,Finished,2019/01/22,14:15:00,No,Collision with vehicle,Monday,REAR END(VEHICLES IN SAME LANE),No,Day,Yes,Not at intersection,Serious injury accident,80 km/hr,No,145.26553031,-38.11091005,CASEY,METROPOLITAN SOUTH EAST REGION,2.0,0.0,1.0,0.0,1.0,1.0,1.0,0.0,0.0,2.0,0.0,0.0,0.0,0.0,0.0,0.0,0.0,0.0,0.0,No,0.0,2.0,0.0,2.0,0.0,0.0,MELB_URBAN,MELB_URBAN,CASEY,METROPOLITAN SOUTH EAST REGION,Arterial Other,Arterial Other,Divided,Divided,Metro
63188,63189,T20190000005,ABS to receive accident,Finished,2018/12/31,21:44:00,Yes,Collision with vehicle,Monday,VEHICLE COLLIDES WITH VEHICLE PARKED ON LEFT OF ROAD,No,Dark Street lights on,Yes,Not at intersection,Other injury accident,50 km/hr,No,145.24591289,-38.06471935,CASEY,METROPOLITAN SOUTH EAST REGION,1.0,0.0,0.0,1.0,0.0,1.0,0.0,0.0,0.0,1.0,0.0,0.0,0.0,0.0,0.0,0.0,0.0,0.0,0.0,No,0.0,2.0,0.0,2.0,0.0,0.0,MELB_URBAN,MELB_URBAN,CASEY,METROPOLITAN SOUTH EAST REGION,Local Road,Local Road,Undivided,Undivided,Metro
63205,63206,T20180023575,ABS to receive accident,Finished,2018/12/15,14:05:00,Yes,Collision with vehicle,Saturday,LANE CHANGE LEFT (NOT OVERTAKING),Yes,Day,Yes,Not at intersection,Serious injury accident,100 km/hr,No,145.32631599,-38.03405934,CASEY,METROPOLITAN SOUTH EAST REGION,2.0,0.0,1.0,0.0,1.0,0.0,1.0,0.0,0.0,1.0,0.0,0.0,0.0,1.0,0.0,0.0,0.0,0.0,0.0,No,0.0,2.0,0.0,1.0,0.0,0.0,MELB_URBAN,MELB_URBAN,CASEY,METROPOLITAN SOUTH EAST REGION,Freeway,Freeway,Divided,Divided,Metro
63218,63219,T20190003398,ABS to receive accident,Finished,2019/02/21,20:50:00,Yes,Collision with vehicle,Thursday,RIGHT NEAR (INTERSECTIONS ONLY),No,Dark Street lights on,Yes,Cross intersection,Other injury accident,80 km/hr,No,145.31033216,-38.02683135,CASEY,METROPOLITAN SOUTH EAST REGION,4.0,0.0,0.0,3.0,1.0,2.0,2.0,0.0,2.0,2.0,0.0,0.0,0.0,0.0,0.0,0.0,0.0,0.0,1.0,No,0.0,2.0,0.0,2.0,0.0,0.0,MELB_URBAN,MELB_URBAN,CASEY,METROPOLITAN SOUTH EAST REGION,Arterial Highway,"Local Road,Arterial Highway",Divided,"Undivided,Divided",Metro